-- phpMyAdmin SQL Dump
-- version 4.1.14
-- http://www.phpmyadmin.net
--
-- Host: 127.0.0.1
-- Generation Time: Apr 25, 2016 at 08:08 AM
-- Server version: 5.6.17
-- PHP Version: 5.5.12

SET SQL_MODE = "NO_AUTO_VALUE_ON_ZERO";
SET time_zone = "+00:00";


/*!40101 SET @OLD_CHARACTER_SET_CLIENT=@@CHARACTER_SET_CLIENT */;
/*!40101 SET @OLD_CHARACTER_SET_RESULTS=@@CHARACTER_SET_RESULTS */;
/*!40101 SET @OLD_COLLATION_CONNECTION=@@COLLATION_CONNECTION */;
/*!40101 SET NAMES utf8 */;

--
-- Database: `biadb`
--

-- --------------------------------------------------------

--
-- Table structure for table `company`
--

CREATE TABLE IF NOT EXISTS `company` (
  `id` int(10) NOT NULL AUTO_INCREMENT,
  `company_name` varchar(100) NOT NULL,
  `company_short_name` varchar(50) NOT NULL,
  `company_address` varchar(200) NOT NULL,
  `active_inactive` varchar(3) NOT NULL,
  `country` varchar(100) DEFAULT NULL,
  `phone` varchar(100) DEFAULT NULL,
  `create_date` datetime DEFAULT CURRENT_TIMESTAMP,
  `create_by` int(11) DEFAULT NULL,
  `update_date` datetime DEFAULT CURRENT_TIMESTAMP,
  `update_by` int(10) DEFAULT NULL,
  PRIMARY KEY (`id`)
) ENGINE=InnoDB  DEFAULT CHARSET=latin1 AUTO_INCREMENT=10 ;

--
-- Dumping data for table `company`
--

INSERT INTO `company` (`id`, `company_name`, `company_short_name`, `company_address`, `active_inactive`, `country`, `phone`, `create_date`, `create_by`, `update_date`, `update_by`) VALUES
(9, 'Bangladesh Insurance Academy', 'BIA', '53,Mohakhali C/A, Dhaka-1212', '', NULL, NULL, NULL, NULL, NULL, NULL);

-- --------------------------------------------------------

--
-- Table structure for table `course`
--

CREATE TABLE IF NOT EXISTS `course` (
  `id` int(11) NOT NULL AUTO_INCREMENT,
  `course_name` varchar(50) DEFAULT NULL,
  `course_short_name` varchar(20) DEFAULT NULL,
  `course_fee` decimal(9,2) DEFAULT NULL,
  `type` varchar(50) DEFAULT NULL,
  `active_inactive` varchar(10) DEFAULT NULL,
  `create_date` datetime DEFAULT CURRENT_TIMESTAMP,
  `create_by` int(11) DEFAULT NULL,
  `update_date` datetime DEFAULT CURRENT_TIMESTAMP,
  `update_by` int(11) DEFAULT NULL,
  PRIMARY KEY (`id`)
) ENGINE=InnoDB  DEFAULT CHARSET=latin1 AUTO_INCREMENT=7 ;

--
-- Dumping data for table `course`
--

INSERT INTO `course` (`id`, `course_name`, `course_short_name`, `course_fee`, `type`, `active_inactive`, `create_date`, `create_by`, `update_date`, `update_by`) VALUES
(2, 'Basic diploma certificate', 'Basic Diploma', '0.00', 'basic', NULL, NULL, NULL, NULL, NULL),
(4, 'Associateship(General) Diploma ', 'Associateship Diplom', '0.00', 'general', NULL, NULL, NULL, NULL, NULL),
(5, 'Associateship(Life) Diploma ', 'Associateship', '0.00', 'life', NULL, NULL, NULL, NULL, NULL),
(6, 'Other Training', 'Training', '0.00', NULL, NULL, NULL, NULL, NULL, NULL);

-- --------------------------------------------------------

--
-- Table structure for table `department`
--

CREATE TABLE IF NOT EXISTS `department` (
  `id` int(10) NOT NULL AUTO_INCREMENT,
  `department_name` varchar(100) NOT NULL,
  `department_short_name` varchar(50) NOT NULL,
  `department_address` varchar(200) NOT NULL,
  `active_inactive` varchar(3) NOT NULL,
  `create_date` datetime DEFAULT CURRENT_TIMESTAMP,
  `create_by` int(11) DEFAULT NULL,
  `update_date` datetime DEFAULT CURRENT_TIMESTAMP,
  `update_by` int(11) DEFAULT NULL,
  PRIMARY KEY (`id`)
) ENGINE=InnoDB  DEFAULT CHARSET=latin1 AUTO_INCREMENT=12 ;

--
-- Dumping data for table `department`
--

INSERT INTO `department` (`id`, `department_name`, `department_short_name`, `department_address`, `active_inactive`, `create_date`, `create_by`, `update_date`, `update_by`) VALUES
(9, 'Admin', 'Admin', '53,Mohakhali C/A, Dhaka-1212', '', NULL, NULL, NULL, NULL),
(10, 'Accounts', 'Acc', '53,Mohakhali C/A, Dhaka-1212', '', NULL, NULL, NULL, NULL),
(11, 'Training', 'Training', '53,Mohakhali C/A, Dhaka-1212', '', NULL, NULL, NULL, NULL);

-- --------------------------------------------------------

--
-- Table structure for table `designation`
--

CREATE TABLE IF NOT EXISTS `designation` (
  `id` int(10) NOT NULL AUTO_INCREMENT,
  `designation` varchar(50) NOT NULL,
  `designation_short` varchar(20) NOT NULL,
  `company_id` int(10) NOT NULL,
  `active_inactive` varchar(10) NOT NULL,
  `roles_code` varchar(10) DEFAULT NULL,
  `create_date` datetime DEFAULT CURRENT_TIMESTAMP,
  `create_by` int(11) DEFAULT NULL,
  `update_date` datetime DEFAULT CURRENT_TIMESTAMP,
  `update_by` int(11) DEFAULT NULL,
  PRIMARY KEY (`id`)
) ENGINE=InnoDB  DEFAULT CHARSET=latin1 AUTO_INCREMENT=22 ;

--
-- Dumping data for table `designation`
--

INSERT INTO `designation` (`id`, `designation`, `designation_short`, `company_id`, `active_inactive`, `roles_code`, `create_date`, `create_by`, `update_date`, `update_by`) VALUES
(1, 'Director', 'D', 0, '', '1', NULL, NULL, NULL, NULL),
(15, 'Account Officer', 'AO-1', 0, '', '2', NULL, NULL, NULL, NULL),
(16, 'Chief Faculty Member', 'C,F,M', 0, '', '3', NULL, NULL, NULL, NULL),
(17, 'Instructor', 'Instructor', 0, '', '4', NULL, NULL, NULL, NULL),
(20, 'programmer', '', 0, '', '5', NULL, NULL, NULL, NULL),
(21, 'Secretary', 'Secretary', 0, '', NULL, '2016-04-25 11:40:40', NULL, '2016-04-25 11:40:40', NULL);

-- --------------------------------------------------------

--
-- Table structure for table `district`
--

CREATE TABLE IF NOT EXISTS `district` (
  `id` int(10) NOT NULL AUTO_INCREMENT,
  `division_code` int(4) NOT NULL,
  `division_name` varchar(100) NOT NULL,
  `district_code` int(4) NOT NULL,
  `district_name` varchar(200) DEFAULT NULL,
  `upzilla_code` int(4) NOT NULL,
  `upzilla_name` varchar(200) NOT NULL,
  PRIMARY KEY (`id`)
) ENGINE=InnoDB  DEFAULT CHARSET=latin1 AUTO_INCREMENT=2548 ;

--
-- Dumping data for table `district`
--

INSERT INTO `district` (`id`, `division_code`, `division_name`, `district_code`, `district_name`, `upzilla_code`, `upzilla_name`) VALUES
(2041, 1, 'Dhaka', 1, 'Dhaka', 1, 'Dhamrai'),
(2042, 1, 'Dhaka', 1, 'Dhaka', 2, 'Dohar'),
(2043, 1, 'Dhaka', 1, 'Dhaka', 3, 'Keraniganj'),
(2044, 1, 'Dhaka', 1, 'Dhaka', 4, 'Nawabganj'),
(2045, 1, 'Dhaka', 1, 'Dhaka', 5, 'Savar'),
(2046, 1, 'Dhaka', 2, 'Faridpur', 6, 'Alfadanga'),
(2047, 1, 'Dhaka', 2, 'Faridpur', 7, 'Bhanga'),
(2048, 1, 'Dhaka', 2, 'Faridpur', 8, 'Boalmari'),
(2049, 1, 'Dhaka', 2, 'Faridpur', 9, 'Charbhadrasan'),
(2050, 1, 'Dhaka', 2, 'Faridpur', 10, 'Faridpur'),
(2051, 1, 'Dhaka', 2, 'Faridpur', 11, 'Madhukhali'),
(2052, 1, 'Dhaka', 2, 'Faridpur', 12, 'Nagarkanda'),
(2053, 1, 'Dhaka', 2, 'Faridpur', 13, 'Sadarpur'),
(2054, 1, 'Dhaka', 2, 'Faridpur', 14, 'Saltha'),
(2055, 1, 'Dhaka', 3, 'Gazipur', 15, 'Gazipur'),
(2056, 1, 'Dhaka', 3, 'Gazipur', 16, 'Kaliakair'),
(2057, 1, 'Dhaka', 3, 'Gazipur', 17, 'Kaliganj'),
(2058, 1, 'Dhaka', 3, 'Gazipur', 18, 'Kapasia'),
(2059, 1, 'Dhaka', 3, 'Gazipur', 19, 'Sreepur'),
(2060, 1, 'Dhaka', 4, 'Gopalganj', 20, 'Gopalganj'),
(2061, 1, 'Dhaka', 4, 'Gopalganj', 21, 'Kashiani'),
(2062, 1, 'Dhaka', 4, 'Gopalganj', 22, 'Kotalipara'),
(2063, 1, 'Dhaka', 4, 'Gopalganj', 23, 'Muksudpur'),
(2064, 1, 'Dhaka', 4, 'Gopalganj', 24, 'Tungipara'),
(2065, 1, 'Dhaka', 5, 'Jamalpur', 25, 'Baksiganj'),
(2066, 1, 'Dhaka', 5, 'Jamalpur', 26, 'Dewanganj'),
(2067, 1, 'Dhaka', 5, 'Jamalpur', 27, 'Islampur'),
(2068, 1, 'Dhaka', 5, 'Jamalpur', 28, 'Jamalpur'),
(2069, 1, 'Dhaka', 5, 'Jamalpur', 29, 'Madarganj'),
(2070, 1, 'Dhaka', 5, 'Jamalpur', 30, 'Melandaha'),
(2071, 1, 'Dhaka', 5, 'Jamalpur', 31, 'Sarishabari'),
(2072, 1, 'Dhaka', 6, 'Kishoreganj', 32, 'Astagram'),
(2073, 1, 'Dhaka', 6, 'Kishoreganj', 33, 'Bajitpur'),
(2074, 1, 'Dhaka', 6, 'Kishoreganj', 34, 'Bhairab'),
(2075, 1, 'Dhaka', 6, 'Kishoreganj', 35, 'Hossainpur'),
(2076, 1, 'Dhaka', 6, 'Kishoreganj', 36, 'Itna'),
(2077, 1, 'Dhaka', 6, 'Kishoreganj', 37, 'Karimganj'),
(2078, 1, 'Dhaka', 6, 'Kishoreganj', 38, 'Katiadi'),
(2079, 1, 'Dhaka', 6, 'Kishoreganj', 39, 'Kishoreganj'),
(2080, 1, 'Dhaka', 6, 'Kishoreganj', 40, 'Kuliarchar'),
(2081, 1, 'Dhaka', 6, 'Kishoreganj', 41, 'Mithamain'),
(2082, 1, 'Dhaka', 6, 'Kishoreganj', 42, 'Nikli'),
(2083, 1, 'Dhaka', 6, 'Kishoreganj', 43, 'Pakundia'),
(2084, 1, 'Dhaka', 6, 'Kishoreganj', 44, 'Tarail'),
(2085, 1, 'Dhaka', 7, 'Madaripur', 45, 'Rajoir'),
(2086, 1, 'Dhaka', 7, 'Madaripur', 46, 'Madaripur'),
(2087, 1, 'Dhaka', 7, 'Madaripur', 47, 'Kalkini'),
(2088, 1, 'Dhaka', 7, 'Madaripur', 48, 'Shibchar'),
(2089, 1, 'Dhaka', 8, 'Manikganj', 49, 'Daulatpur'),
(2090, 1, 'Dhaka', 8, 'Manikganj', 50, 'Ghior'),
(2091, 1, 'Dhaka', 8, 'Manikganj', 51, 'Harirampur'),
(2092, 1, 'Dhaka', 8, 'Manikganj', 52, 'Manikgonj'),
(2093, 1, 'Dhaka', 8, 'Manikganj', 53, 'Saturia'),
(2094, 1, 'Dhaka', 8, 'Manikganj', 54, 'Shivalaya'),
(2095, 1, 'Dhaka', 8, 'Manikganj', 55, 'Singair'),
(2096, 1, 'Dhaka', 9, 'Munshiganj', 56, 'Gazaria'),
(2097, 1, 'Dhaka', 9, 'Munshiganj', 57, 'Lohajang'),
(2098, 1, 'Dhaka', 9, 'Munshiganj', 58, 'Munshiganj'),
(2099, 1, 'Dhaka', 9, 'Munshiganj', 59, 'Sirajdikhan'),
(2100, 1, 'Dhaka', 9, 'Munshiganj', 60, 'Sreenagar'),
(2101, 1, 'Dhaka', 9, 'Munshiganj', 61, 'Tongibari'),
(2102, 1, 'Dhaka', 10, 'Mymensingh', 62, 'Bhaluka'),
(2103, 1, 'Dhaka', 10, 'Mymensingh', 63, 'Dhobaura'),
(2104, 1, 'Dhaka', 10, 'Mymensingh', 64, 'Fulbaria'),
(2105, 1, 'Dhaka', 10, 'Mymensingh', 65, 'Gaffargaon'),
(2106, 1, 'Dhaka', 10, 'Mymensingh', 66, 'Gauripur'),
(2107, 1, 'Dhaka', 10, 'Mymensingh', 67, 'Haluaghat'),
(2108, 1, 'Dhaka', 10, 'Mymensingh', 68, 'Ishwarganj'),
(2109, 1, 'Dhaka', 10, 'Mymensingh', 69, 'Mymensingh'),
(2110, 1, 'Dhaka', 10, 'Mymensingh', 70, 'Muktagachha'),
(2111, 1, 'Dhaka', 10, 'Mymensingh', 71, 'Nandail'),
(2112, 1, 'Dhaka', 10, 'Mymensingh', 72, 'Phulpur'),
(2113, 1, 'Dhaka', 10, 'Mymensingh', 73, 'Trishal'),
(2114, 1, 'Dhaka', 10, 'Mymensingh', 74, 'Tara'),
(2115, 1, 'Dhaka', 11, 'Narayanganj', 75, 'Araihazar'),
(2116, 1, 'Dhaka', 11, 'Narayanganj', 76, 'Bandar'),
(2117, 1, 'Dhaka', 11, 'Narayanganj', 77, 'Narayanganj'),
(2118, 1, 'Dhaka', 11, 'Narayanganj', 78, 'Rupganj'),
(2119, 1, 'Dhaka', 11, 'Narayanganj', 79, 'Sonargaon'),
(2120, 1, 'Dhaka', 12, 'Netrokona', 80, 'Atpara'),
(2121, 1, 'Dhaka', 12, 'Netrokona', 81, 'Barhatta'),
(2122, 1, 'Dhaka', 12, 'Netrokona', 82, 'Durgapur'),
(2123, 1, 'Dhaka', 12, 'Netrokona', 83, 'Khaliajuri'),
(2124, 1, 'Dhaka', 12, 'Netrokona', 84, 'Kalmakanda'),
(2125, 1, 'Dhaka', 12, 'Netrokona', 85, 'Kendua'),
(2126, 1, 'Dhaka', 12, 'Netrokona', 86, 'Madan'),
(2127, 1, 'Dhaka', 12, 'Netrokona', 87, 'Mohanganj'),
(2128, 1, 'Dhaka', 12, 'Netrokona', 88, 'Netrokona'),
(2129, 1, 'Dhaka', 12, 'Netrokona', 89, 'Purbadhala'),
(2130, 1, 'Dhaka', 13, 'Rajbari', 90, 'Baliakandi'),
(2131, 1, 'Dhaka', 13, 'Rajbari', 91, 'Goalandaghat'),
(2132, 1, 'Dhaka', 13, 'Rajbari', 92, 'Pangsha'),
(2133, 1, 'Dhaka', 13, 'Rajbari', 93, 'Rajbari'),
(2134, 1, 'Dhaka', 13, 'Rajbari', 94, 'Kalukhali'),
(2135, 1, 'Dhaka', 14, 'Shariatpur', 95, 'Bhedarganj'),
(2136, 1, 'Dhaka', 14, 'Shariatpur', 96, 'Damudya'),
(2137, 1, 'Dhaka', 14, 'Shariatpur', 97, 'Gosairhat'),
(2138, 1, 'Dhaka', 14, 'Shariatpur', 98, 'Naria'),
(2139, 1, 'Dhaka', 14, 'Shariatpur', 99, 'Shariatpur'),
(2140, 1, 'Dhaka', 14, 'Shariatpur', 100, 'Zanjira'),
(2141, 1, 'Dhaka', 14, 'Shariatpur', 101, 'Shakhipur'),
(2142, 1, 'Dhaka', 15, 'Sherpur', 102, 'Jhenaigati'),
(2143, 1, 'Dhaka', 15, 'Sherpur', 103, 'Nakla'),
(2144, 1, 'Dhaka', 15, 'Sherpur', 104, 'Nalitabari'),
(2145, 1, 'Dhaka', 15, 'Sherpur', 105, 'Sherpur'),
(2146, 1, 'Dhaka', 15, 'Sherpur', 106, 'Sreebardi'),
(2147, 1, 'Dhaka', 16, 'Tangail', 107, 'Gopalpur'),
(2148, 1, 'Dhaka', 16, 'Tangail', 108, 'Basail'),
(2149, 1, 'Dhaka', 16, 'Tangail', 109, 'Bhuapur'),
(2150, 1, 'Dhaka', 16, 'Tangail', 110, 'Delduar'),
(2151, 1, 'Dhaka', 16, 'Tangail', 111, 'Ghatail'),
(2152, 1, 'Dhaka', 16, 'Tangail', 112, 'Kalihati'),
(2153, 1, 'Dhaka', 16, 'Tangail', 113, 'Madhupur'),
(2154, 1, 'Dhaka', 16, 'Tangail', 114, 'Mirzapur'),
(2155, 1, 'Dhaka', 16, 'Tangail', 115, 'Nagarpur'),
(2156, 1, 'Dhaka', 16, 'Tangail', 116, 'Sakhipur'),
(2157, 1, 'Dhaka', 16, 'Tangail', 117, 'Dhanbari'),
(2158, 1, 'Dhaka', 16, 'Tangail', 118, 'Tangail'),
(2159, 1, 'Dhaka', 17, 'Narsingdi', 119, 'Narsingdi'),
(2160, 1, 'Dhaka', 17, 'Narsingdi', 120, 'Belabo'),
(2161, 1, 'Dhaka', 17, 'Narsingdi', 121, 'Monohardi'),
(2162, 1, 'Dhaka', 17, 'Narsingdi', 122, 'Palash'),
(2163, 1, 'Dhaka', 17, 'Narsingdi', 123, 'Raipura'),
(2164, 1, 'Dhaka', 17, 'Narsingdi', 124, 'Shibpur'),
(2165, 2, 'Chittagong', 18, 'Bandarban', 125, 'Ali'),
(2166, 2, 'Chittagong', 18, 'Bandarban', 126, 'Bandarban'),
(2167, 2, 'Chittagong', 18, 'Bandarban', 127, 'Lama'),
(2168, 2, 'Chittagong', 18, 'Bandarban', 128, 'Naikhongchhari'),
(2169, 2, 'Chittagong', 18, 'Bandarban', 129, 'Rowangchhari'),
(2170, 2, 'Chittagong', 18, 'Bandarban', 130, 'Ruma'),
(2171, 2, 'Chittagong', 18, 'Bandarban', 131, 'Thanchi'),
(2172, 2, 'Chittagong', 19, 'Brahmanbaria', 132, 'Akhaura'),
(2173, 2, 'Chittagong', 19, 'Brahmanbaria', 133, 'Bancharampur'),
(2174, 2, 'Chittagong', 19, 'Brahmanbaria', 134, 'Brahmanbaria'),
(2175, 2, 'Chittagong', 19, 'Brahmanbaria', 135, 'Kasba'),
(2176, 2, 'Chittagong', 19, 'Brahmanbaria', 136, 'Nabinagar'),
(2177, 2, 'Chittagong', 19, 'Brahmanbaria', 137, 'Nasirnagar'),
(2178, 2, 'Chittagong', 19, 'Brahmanbaria', 138, 'Sarail'),
(2179, 2, 'Chittagong', 19, 'Brahmanbaria', 139, 'Ashuganj'),
(2180, 2, 'Chittagong', 19, 'Brahmanbaria', 140, 'Bijoynagar'),
(2181, 2, 'Chittagong', 20, 'Chandpur', 141, 'Chandpur'),
(2182, 2, 'Chittagong', 20, 'Chandpur', 142, 'Faridganj'),
(2183, 2, 'Chittagong', 20, 'Chandpur', 143, 'Haimchar'),
(2184, 2, 'Chittagong', 20, 'Chandpur', 144, 'Haziganj'),
(2185, 2, 'Chittagong', 20, 'Chandpur', 145, 'Kachua'),
(2186, 2, 'Chittagong', 20, 'Chandpur', 146, 'Matlab'),
(2187, 2, 'Chittagong', 20, 'Chandpur', 147, 'Matlab'),
(2188, 2, 'Chittagong', 20, 'Chandpur', 148, 'Shahrasti'),
(2189, 2, 'Chittagong', 21, 'Chittagong', 149, 'Anwara'),
(2190, 2, 'Chittagong', 21, 'Chittagong', 150, 'Banshkhali'),
(2191, 2, 'Chittagong', 21, 'Chittagong', 151, 'Boalkhali'),
(2192, 2, 'Chittagong', 21, 'Chittagong', 152, 'Chandanaish'),
(2193, 2, 'Chittagong', 21, 'Chittagong', 153, 'Fatikchhari'),
(2194, 2, 'Chittagong', 21, 'Chittagong', 154, 'Hathazari'),
(2195, 2, 'Chittagong', 21, 'Chittagong', 155, 'Lohagara'),
(2196, 2, 'Chittagong', 21, 'Chittagong', 156, 'Mirsharai'),
(2197, 2, 'Chittagong', 21, 'Chittagong', 157, 'Patiya'),
(2198, 2, 'Chittagong', 21, 'Chittagong', 158, 'Rangunia'),
(2199, 2, 'Chittagong', 21, 'Chittagong', 159, 'Raozan'),
(2200, 2, 'Chittagong', 21, 'Chittagong', 160, 'Sandwip'),
(2201, 2, 'Chittagong', 21, 'Chittagong', 161, 'Satkania'),
(2202, 2, 'Chittagong', 21, 'Chittagong', 162, 'Sitakunda'),
(2203, 2, 'Chittagong', 21, 'Chittagong', 163, 'Bandor'),
(2204, 2, 'Chittagong', 21, 'Chittagong', 164, 'Chandgaon'),
(2205, 2, 'Chittagong', 21, 'Chittagong', 165, 'Double'),
(2206, 2, 'Chittagong', 21, 'Chittagong', 166, 'Kotwali'),
(2207, 2, 'Chittagong', 21, 'Chittagong', 167, 'Pahartali'),
(2208, 2, 'Chittagong', 21, 'Chittagong', 168, 'Panchlaish'),
(2209, 2, 'Chittagong', 22, 'Comilla', 169, 'Barura'),
(2210, 2, 'Chittagong', 22, 'Comilla', 170, 'Brahmanpara'),
(2211, 2, 'Chittagong', 22, 'Comilla', 171, 'Burichang'),
(2212, 2, 'Chittagong', 22, 'Comilla', 172, 'Chandina'),
(2213, 2, 'Chittagong', 22, 'Comilla', 173, 'Chauddagram'),
(2214, 2, 'Chittagong', 22, 'Comilla', 174, 'Daudkandi'),
(2215, 2, 'Chittagong', 22, 'Comilla', 175, 'Debidwar'),
(2216, 2, 'Chittagong', 22, 'Comilla', 176, 'Homna'),
(2217, 2, 'Chittagong', 22, 'Comilla', 177, 'Laksam'),
(2218, 2, 'Chittagong', 22, 'Comilla', 178, 'Muradnagar'),
(2219, 2, 'Chittagong', 22, 'Comilla', 179, 'Nangalkot'),
(2220, 2, 'Chittagong', 22, 'Comilla', 180, 'Comilla'),
(2221, 2, 'Chittagong', 22, 'Comilla', 181, 'Meghna'),
(2222, 2, 'Chittagong', 22, 'Comilla', 182, 'Titas'),
(2223, 2, 'Chittagong', 22, 'Comilla', 183, 'Monohargonj'),
(2224, 2, 'Chittagong', 22, 'Comilla', 184, 'Comilla'),
(2225, 2, 'Chittagong', 23, 'Cox''s', 185, 'Chakaria'),
(2226, 2, 'Chittagong', 23, 'Cox''s', 186, 'Cox''s'),
(2227, 2, 'Chittagong', 23, 'Cox''s', 187, 'Kutubdia'),
(2228, 2, 'Chittagong', 23, 'Cox''s', 188, 'Maheshkhali'),
(2229, 2, 'Chittagong', 23, 'Cox''s', 189, 'Ramu'),
(2230, 2, 'Chittagong', 23, 'Cox''s', 190, 'Teknaf'),
(2231, 2, 'Chittagong', 23, 'Cox''s', 191, 'Ukhia'),
(2232, 2, 'Chittagong', 23, 'Cox''s', 192, 'Pekua'),
(2233, 2, 'Chittagong', 24, 'Feni', 193, 'Chhagalnaiya'),
(2234, 2, 'Chittagong', 24, 'Feni', 194, 'Daganbhuiyan'),
(2235, 2, 'Chittagong', 24, 'Feni', 195, 'Feni'),
(2236, 2, 'Chittagong', 24, 'Feni', 196, 'Parshuram'),
(2237, 2, 'Chittagong', 24, 'Feni', 197, 'Sonagazi'),
(2238, 2, 'Chittagong', 24, 'Feni', 198, 'Fulgazi'),
(2239, 2, 'Chittagong', 25, 'Khagrachhari', 199, 'Dighinala'),
(2240, 2, 'Chittagong', 25, 'Khagrachhari', 200, 'Khagrachhari'),
(2241, 2, 'Chittagong', 25, 'Khagrachhari', 201, 'Lakshmichhari'),
(2242, 2, 'Chittagong', 25, 'Khagrachhari', 202, 'Mahalchhari'),
(2243, 2, 'Chittagong', 25, 'Khagrachhari', 203, 'Manikchhari'),
(2244, 2, 'Chittagong', 25, 'Khagrachhari', 204, 'Matiranga'),
(2245, 2, 'Chittagong', 25, 'Khagrachhari', 205, 'Panchhari'),
(2246, 2, 'Chittagong', 25, 'Khagrachhari', 206, 'Ramgarh'),
(2247, 2, 'Chittagong', 26, 'Lakshmipur', 207, 'Lakshmipur'),
(2248, 2, 'Chittagong', 26, 'Lakshmipur', 208, 'Raipur'),
(2249, 2, 'Chittagong', 26, 'Lakshmipur', 209, 'Ramganj'),
(2250, 2, 'Chittagong', 26, 'Lakshmipur', 210, 'Ramgati'),
(2251, 2, 'Chittagong', 26, 'Lakshmipur', 211, 'Kamalnagar'),
(2252, 2, 'Chittagong', 27, 'Noakhali', 212, 'Begumganj'),
(2253, 2, 'Chittagong', 27, 'Noakhali', 213, 'Noakhali'),
(2254, 2, 'Chittagong', 27, 'Noakhali', 214, 'Chatkhil'),
(2255, 2, 'Chittagong', 27, 'Noakhali', 215, 'Companiganj'),
(2256, 2, 'Chittagong', 27, 'Noakhali', 216, 'Hatiya'),
(2257, 2, 'Chittagong', 27, 'Noakhali', 217, 'Senbagh'),
(2258, 2, 'Chittagong', 27, 'Noakhali', 218, 'Sonaimuri'),
(2259, 2, 'Chittagong', 27, 'Noakhali', 219, 'Subarnachar'),
(2260, 2, 'Chittagong', 27, 'Noakhali', 220, 'Kabirhat'),
(2261, 2, 'Chittagong', 28, 'Rangamati', 221, 'Bagaichhari'),
(2262, 2, 'Chittagong', 28, 'Rangamati', 222, 'Barkal'),
(2263, 2, 'Chittagong', 28, 'Rangamati', 223, 'Kawkhali'),
(2264, 2, 'Chittagong', 28, 'Rangamati', 224, 'Belaichhari'),
(2265, 2, 'Chittagong', 28, 'Rangamati', 225, 'Kaptai'),
(2266, 2, 'Chittagong', 28, 'Rangamati', 226, 'Juraichhari'),
(2267, 2, 'Chittagong', 28, 'Rangamati', 227, 'Langadu'),
(2268, 2, 'Chittagong', 28, 'Rangamati', 228, 'Naniyachar'),
(2269, 2, 'Chittagong', 28, 'Rangamati', 229, 'Rajasthali'),
(2270, 2, 'Chittagong', 28, 'Rangamati', 230, 'Rangamati'),
(2271, 3, 'Khulna', 29, 'Bagerhat', 231, 'Bagerhat'),
(2272, 3, 'Khulna', 29, 'Bagerhat', 232, 'Chitalmari'),
(2273, 3, 'Khulna', 29, 'Bagerhat', 233, 'Fakirhat'),
(2274, 3, 'Khulna', 29, 'Bagerhat', 234, 'Kachua'),
(2275, 3, 'Khulna', 29, 'Bagerhat', 235, 'Mollahat'),
(2276, 3, 'Khulna', 29, 'Bagerhat', 236, 'Mongla'),
(2277, 3, 'Khulna', 29, 'Bagerhat', 237, 'Morrelganj'),
(2278, 3, 'Khulna', 29, 'Bagerhat', 238, 'Rampal'),
(2279, 3, 'Khulna', 29, 'Bagerhat', 239, 'Sarankhola'),
(2280, 3, 'Khulna', 30, 'Chuadanga', 240, 'Alamdanga'),
(2281, 3, 'Khulna', 30, 'Chuadanga', 241, 'Chuadanga'),
(2282, 3, 'Khulna', 30, 'Chuadanga', 242, 'Damurhuda'),
(2283, 3, 'Khulna', 30, 'Chuadanga', 243, 'Jibannagar'),
(2284, 3, 'Khulna', 31, 'Jessore', 244, 'Abhaynagar'),
(2285, 3, 'Khulna', 31, 'Jessore', 245, 'Bagherpara'),
(2286, 3, 'Khulna', 31, 'Jessore', 246, 'Chaugachha'),
(2287, 3, 'Khulna', 31, 'Jessore', 247, 'Jhikargachha'),
(2288, 3, 'Khulna', 31, 'Jessore', 248, 'Keshabpur'),
(2289, 3, 'Khulna', 31, 'Jessore', 249, 'Jessore'),
(2290, 3, 'Khulna', 31, 'Jessore', 250, 'Manirampur'),
(2291, 3, 'Khulna', 31, 'Jessore', 251, 'Sharsha'),
(2292, 3, 'Khulna', 32, 'Jhenaida', 252, 'Harinakunda'),
(2293, 3, 'Khulna', 32, 'Jhenaida', 253, 'Jhenaidah'),
(2294, 3, 'Khulna', 32, 'Jhenaida', 254, 'Kaliganj'),
(2295, 3, 'Khulna', 32, 'Jhenaida', 255, 'Kotchandpur'),
(2296, 3, 'Khulna', 32, 'Jhenaida', 256, 'Maheshpur'),
(2297, 3, 'Khulna', 32, 'Jhenaida', 257, 'Shailkupa'),
(2298, 3, 'Khulna', 33, 'Khulna', 258, 'Batiaghata'),
(2299, 3, 'Khulna', 33, 'Khulna', 259, 'Dacope'),
(2300, 3, 'Khulna', 33, 'Khulna', 260, 'Dumuria'),
(2301, 3, 'Khulna', 33, 'Khulna', 261, 'Dighalia'),
(2302, 3, 'Khulna', 33, 'Khulna', 262, 'Koyra'),
(2303, 3, 'Khulna', 33, 'Khulna', 263, 'Paikgachha'),
(2304, 3, 'Khulna', 33, 'Khulna', 264, 'Phultala'),
(2305, 3, 'Khulna', 33, 'Khulna', 265, 'Rupsha'),
(2306, 3, 'Khulna', 33, 'Khulna', 266, 'Terokhada'),
(2307, 3, 'Khulna', 33, 'Khulna', 267, 'Daulatpur'),
(2308, 3, 'Khulna', 33, 'Khulna', 268, 'Khalishpur'),
(2309, 3, 'Khulna', 33, 'Khulna', 269, 'Khan'),
(2310, 3, 'Khulna', 33, 'Khulna', 270, 'Kotwali'),
(2311, 3, 'Khulna', 33, 'Khulna', 271, 'Sonadanga'),
(2312, 3, 'Khulna', 33, 'Khulna', 272, 'Harintana'),
(2313, 3, 'Khulna', 34, 'Kushtia', 273, 'Bheramara'),
(2314, 3, 'Khulna', 34, 'Kushtia', 274, 'Daulatpur'),
(2315, 3, 'Khulna', 34, 'Kushtia', 275, 'Khoksa'),
(2316, 3, 'Khulna', 34, 'Kushtia', 276, 'Kumarkhali'),
(2317, 3, 'Khulna', 34, 'Kushtia', 277, 'Kushtia'),
(2318, 3, 'Khulna', 34, 'Kushtia', 278, 'Mirpur'),
(2319, 3, 'Khulna', 34, 'Kushtia', 279, 'Shekhpara'),
(2320, 3, 'Khulna', 35, 'Magura', 280, 'Magura'),
(2321, 3, 'Khulna', 35, 'Magura', 281, 'Mohammadpur'),
(2322, 3, 'Khulna', 35, 'Magura', 282, 'Shalikha'),
(2323, 3, 'Khulna', 35, 'Magura', 283, 'Sreepur'),
(2324, 3, 'Khulna', 36, 'Meherpur', 284, 'Gangni'),
(2325, 3, 'Khulna', 36, 'Meherpur', 285, 'Meherpur'),
(2326, 3, 'Khulna', 36, 'Meherpur', 286, 'Mujibnagar'),
(2327, 3, 'Khulna', 37, 'Narail', 287, 'Kalia'),
(2328, 3, 'Khulna', 37, 'Narail', 288, 'Lohagara'),
(2329, 3, 'Khulna', 37, 'Narail', 289, 'Narail'),
(2330, 3, 'Khulna', 37, 'Narail', 290, 'Naragati'),
(2331, 3, 'Khulna', 38, 'Satkhira', 291, 'Assasuni'),
(2332, 3, 'Khulna', 38, 'Satkhira', 292, 'Debhata'),
(2333, 3, 'Khulna', 38, 'Satkhira', 293, 'Kalaroa'),
(2334, 3, 'Khulna', 38, 'Satkhira', 294, 'Kaliganj'),
(2335, 3, 'Khulna', 38, 'Satkhira', 295, 'Satkhira'),
(2336, 3, 'Khulna', 38, 'Satkhira', 296, 'Shyamnagar'),
(2337, 3, 'Khulna', 38, 'Satkhira', 297, 'Tala'),
(2338, 4, 'Rajshahi', 39, 'Joypurhat', 298, 'Akkelpur'),
(2339, 4, 'Rajshahi', 39, 'Joypurhat', 299, 'Joypurhat'),
(2340, 4, 'Rajshahi', 39, 'Joypurhat', 300, 'Kalai'),
(2341, 4, 'Rajshahi', 39, 'Joypurhat', 301, 'Khetlal'),
(2342, 4, 'Rajshahi', 39, 'Joypurhat', 302, 'Panchbibi'),
(2343, 4, 'Rajshahi', 40, 'Bogra', 303, 'Adamdighi'),
(2344, 4, 'Rajshahi', 40, 'Bogra', 304, 'Bogra'),
(2345, 4, 'Rajshahi', 40, 'Bogra', 305, 'Dhunat'),
(2346, 4, 'Rajshahi', 40, 'Bogra', 306, 'Dhupchanchia'),
(2347, 4, 'Rajshahi', 40, 'Bogra', 307, 'Gabtali'),
(2348, 4, 'Rajshahi', 40, 'Bogra', 308, 'Kahaloo'),
(2349, 4, 'Rajshahi', 40, 'Bogra', 309, 'Nandigram'),
(2350, 4, 'Rajshahi', 40, 'Bogra', 310, 'Sariakandi'),
(2351, 4, 'Rajshahi', 40, 'Bogra', 311, 'Shajahanpur'),
(2352, 4, 'Rajshahi', 40, 'Bogra', 312, 'Sherpur'),
(2353, 4, 'Rajshahi', 40, 'Bogra', 313, 'Shibganj'),
(2354, 4, 'Rajshahi', 40, 'Bogra', 314, 'Sonatola'),
(2355, 4, 'Rajshahi', 41, 'Naogaon', 315, 'Atrai'),
(2356, 4, 'Rajshahi', 41, 'Naogaon', 316, 'Badalgachhi'),
(2357, 4, 'Rajshahi', 41, 'Naogaon', 317, 'Manda'),
(2358, 4, 'Rajshahi', 41, 'Naogaon', 318, 'Dhamoirhat'),
(2359, 4, 'Rajshahi', 41, 'Naogaon', 319, 'Mohadevpur'),
(2360, 4, 'Rajshahi', 41, 'Naogaon', 320, 'Naogaon'),
(2361, 4, 'Rajshahi', 41, 'Naogaon', 321, 'Niamatpur'),
(2362, 4, 'Rajshahi', 41, 'Naogaon', 322, 'Patnitala'),
(2363, 4, 'Rajshahi', 41, 'Naogaon', 323, 'Porsha'),
(2364, 4, 'Rajshahi', 41, 'Naogaon', 324, 'Raninagar'),
(2365, 4, 'Rajshahi', 41, 'Naogaon', 325, 'Sapahar'),
(2366, 4, 'Rajshahi', 42, 'Natore', 326, 'Bagatipara'),
(2367, 4, 'Rajshahi', 42, 'Natore', 327, 'Baraigram'),
(2368, 4, 'Rajshahi', 42, 'Natore', 328, 'Gurudaspur'),
(2369, 4, 'Rajshahi', 42, 'Natore', 329, 'Lalpur'),
(2370, 4, 'Rajshahi', 42, 'Natore', 330, 'Natore'),
(2371, 4, 'Rajshahi', 42, 'Natore', 331, 'Singra'),
(2372, 4, 'Rajshahi', 42, 'Natore', 332, 'Naldanga'),
(2373, 4, 'Rajshahi', 43, 'Nawabganj', 333, 'Bholahat'),
(2374, 4, 'Rajshahi', 43, 'Nawabganj', 334, 'Gomastapur'),
(2375, 4, 'Rajshahi', 43, 'Nawabganj', 335, 'Nachole'),
(2376, 4, 'Rajshahi', 43, 'Nawabganj', 336, 'Nawabganj'),
(2377, 4, 'Rajshahi', 43, 'Nawabganj', 337, 'Shibganj'),
(2378, 4, 'Rajshahi', 44, 'Pabna', 338, 'Ataikula'),
(2379, 4, 'Rajshahi', 44, 'Pabna', 339, 'Atgharia'),
(2380, 4, 'Rajshahi', 44, 'Pabna', 340, 'Bera'),
(2381, 4, 'Rajshahi', 44, 'Pabna', 341, 'Bhangura'),
(2382, 4, 'Rajshahi', 44, 'Pabna', 342, 'Chatmohar'),
(2383, 4, 'Rajshahi', 44, 'Pabna', 343, 'Faridpur'),
(2384, 4, 'Rajshahi', 44, 'Pabna', 344, 'Ishwardi'),
(2385, 4, 'Rajshahi', 44, 'Pabna', 345, 'Pabna'),
(2386, 4, 'Rajshahi', 44, 'Pabna', 346, 'Santhia'),
(2387, 4, 'Rajshahi', 44, 'Pabna', 347, 'Sujanagar'),
(2388, 4, 'Rajshahi', 45, 'Sirajganj', 348, 'Belkuchi'),
(2389, 4, 'Rajshahi', 45, 'Sirajganj', 349, 'Chauhali'),
(2390, 4, 'Rajshahi', 45, 'Sirajganj', 350, 'Kamarkhanda'),
(2391, 4, 'Rajshahi', 45, 'Sirajganj', 351, 'Kazipur'),
(2392, 4, 'Rajshahi', 45, 'Sirajganj', 352, 'Raiganj'),
(2393, 4, 'Rajshahi', 45, 'Sirajganj', 353, 'Shahjadpur'),
(2394, 4, 'Rajshahi', 45, 'Sirajganj', 354, 'Sirajganj'),
(2395, 4, 'Rajshahi', 45, 'Sirajganj', 355, 'Tarash'),
(2396, 4, 'Rajshahi', 45, 'Sirajganj', 356, 'Ullahpara'),
(2397, 4, 'Rajshahi', 46, 'Rajshahi', 357, 'Bagha'),
(2398, 4, 'Rajshahi', 46, 'Rajshahi', 358, 'Bagmara'),
(2399, 4, 'Rajshahi', 46, 'Rajshahi', 359, 'Charghat'),
(2400, 4, 'Rajshahi', 46, 'Rajshahi', 360, 'Durgapur'),
(2401, 4, 'Rajshahi', 46, 'Rajshahi', 361, 'Godagari'),
(2402, 4, 'Rajshahi', 46, 'Rajshahi', 362, 'Mohanpur'),
(2403, 4, 'Rajshahi', 46, 'Rajshahi', 363, 'Paba'),
(2404, 4, 'Rajshahi', 46, 'Rajshahi', 364, 'Puthia'),
(2405, 4, 'Rajshahi', 46, 'Rajshahi', 365, 'Tanore'),
(2406, 4, 'Rajshahi', 46, 'Rajshahi', 366, 'Boalia'),
(2407, 4, 'Rajshahi', 46, 'Rajshahi', 367, 'Matihar'),
(2408, 4, 'Rajshahi', 46, 'Rajshahi', 368, 'Rajpara'),
(2409, 4, 'Rajshahi', 46, 'Rajshahi', 369, 'Shah'),
(2410, 5, 'Barisal', 47, 'Barguna', 370, 'Amtali'),
(2411, 5, 'Barisal', 47, 'Barguna', 371, 'Bamna'),
(2412, 5, 'Barisal', 47, 'Barguna', 372, 'Barguna'),
(2413, 5, 'Barisal', 47, 'Barguna', 373, 'Betagi'),
(2414, 5, 'Barisal', 47, 'Barguna', 374, 'Patharghata'),
(2415, 5, 'Barisal', 47, 'Barguna', 375, 'Taltoli'),
(2416, 5, 'Barisal', 48, 'Barisal', 376, 'Agailjhara'),
(2417, 5, 'Barisal', 48, 'Barisal', 377, 'Babuganj'),
(2418, 5, 'Barisal', 48, 'Barisal', 378, 'Bakerganj'),
(2419, 5, 'Barisal', 48, 'Barisal', 379, 'Banaripara'),
(2420, 5, 'Barisal', 48, 'Barisal', 380, 'Gaurnadi'),
(2421, 5, 'Barisal', 48, 'Barisal', 381, 'Hizla'),
(2422, 5, 'Barisal', 48, 'Barisal', 382, 'Barisal'),
(2423, 5, 'Barisal', 48, 'Barisal', 383, 'Mehendiganj'),
(2424, 5, 'Barisal', 48, 'Barisal', 384, 'Muladi'),
(2425, 5, 'Barisal', 48, 'Barisal', 385, 'Wazirpur'),
(2426, 5, 'Barisal', 49, 'Bhola', 386, 'Bhola'),
(2427, 5, 'Barisal', 49, 'Bhola', 387, 'Burhanuddin'),
(2428, 5, 'Barisal', 49, 'Bhola', 388, 'Char'),
(2429, 5, 'Barisal', 49, 'Bhola', 389, 'Daulatkhan'),
(2430, 5, 'Barisal', 49, 'Bhola', 390, 'Lalmohan'),
(2431, 5, 'Barisal', 49, 'Bhola', 391, 'Manpura'),
(2432, 5, 'Barisal', 49, 'Bhola', 392, 'Tazumuddin'),
(2433, 5, 'Barisal', 50, 'Jhalokati', 393, 'Jhalokati'),
(2434, 5, 'Barisal', 50, 'Jhalokati', 394, 'Kathalia'),
(2435, 5, 'Barisal', 50, 'Jhalokati', 395, 'Nalchity'),
(2436, 5, 'Barisal', 50, 'Jhalokati', 396, 'Rajapur'),
(2437, 5, 'Barisal', 51, 'Patuakhali', 397, 'Bauphal'),
(2438, 5, 'Barisal', 51, 'Patuakhali', 398, 'Dashmina'),
(2439, 5, 'Barisal', 51, 'Patuakhali', 399, 'Galachipa'),
(2440, 5, 'Barisal', 51, 'Patuakhali', 400, 'Kalapara'),
(2441, 5, 'Barisal', 51, 'Patuakhali', 401, 'Mirzaganj'),
(2442, 5, 'Barisal', 51, 'Patuakhali', 402, 'Patuakhali'),
(2443, 5, 'Barisal', 51, 'Patuakhali', 403, 'Rangabali'),
(2444, 5, 'Barisal', 51, 'Patuakhali', 404, 'Dumki'),
(2445, 5, 'Barisal', 52, 'Pirojpur', 405, 'Bhandaria'),
(2446, 5, 'Barisal', 52, 'Pirojpur', 406, 'Kawkhali'),
(2447, 5, 'Barisal', 52, 'Pirojpur', 407, 'Mathbaria'),
(2448, 5, 'Barisal', 52, 'Pirojpur', 408, 'Nazirpur'),
(2449, 5, 'Barisal', 52, 'Pirojpur', 409, 'Pirojpur'),
(2450, 5, 'Barisal', 52, 'Pirojpur', 410, 'Nesarabad'),
(2451, 5, 'Barisal', 52, 'Pirojpur', 411, 'Zianagor'),
(2452, 6, 'Rangpur', 53, 'Dinajpur', 412, 'Birampur'),
(2453, 6, 'Rangpur', 53, 'Dinajpur', 413, 'Birganj'),
(2454, 6, 'Rangpur', 53, 'Dinajpur', 414, 'Biral'),
(2455, 6, 'Rangpur', 53, 'Dinajpur', 415, 'Bochaganj'),
(2456, 6, 'Rangpur', 53, 'Dinajpur', 416, 'Chirirbandar'),
(2457, 6, 'Rangpur', 53, 'Dinajpur', 417, 'Phulbari'),
(2458, 6, 'Rangpur', 53, 'Dinajpur', 418, 'Ghoraghat'),
(2459, 6, 'Rangpur', 53, 'Dinajpur', 419, 'Hakimpur'),
(2460, 6, 'Rangpur', 53, 'Dinajpur', 420, 'Kaharole'),
(2461, 6, 'Rangpur', 53, 'Dinajpur', 421, 'Khansama'),
(2462, 6, 'Rangpur', 53, 'Dinajpur', 422, 'Dinajpur'),
(2463, 6, 'Rangpur', 53, 'Dinajpur', 423, 'Nawabganj'),
(2464, 6, 'Rangpur', 53, 'Dinajpur', 424, 'Parbatipur'),
(2465, 6, 'Rangpur', 54, 'Gaibandha', 425, 'Phulchhari'),
(2466, 6, 'Rangpur', 54, 'Gaibandha', 426, 'Gaibandha'),
(2467, 6, 'Rangpur', 54, 'Gaibandha', 427, 'Gobindaganj'),
(2468, 6, 'Rangpur', 54, 'Gaibandha', 428, 'Palashbari'),
(2469, 6, 'Rangpur', 54, 'Gaibandha', 429, 'Sadullapur'),
(2470, 6, 'Rangpur', 54, 'Gaibandha', 430, 'Sughatta'),
(2471, 6, 'Rangpur', 54, 'Gaibandha', 431, 'Sundarganj'),
(2472, 6, 'Rangpur', 55, 'Kurigram', 432, 'Bhurungamari'),
(2473, 6, 'Rangpur', 55, 'Kurigram', 433, 'Char'),
(2474, 6, 'Rangpur', 55, 'Kurigram', 434, 'Chilmari'),
(2475, 6, 'Rangpur', 55, 'Kurigram', 435, 'Phulbari'),
(2476, 6, 'Rangpur', 55, 'Kurigram', 436, 'Kurigram'),
(2477, 6, 'Rangpur', 55, 'Kurigram', 437, 'Nageshwari'),
(2478, 6, 'Rangpur', 55, 'Kurigram', 438, 'Rajarhat'),
(2479, 6, 'Rangpur', 55, 'Kurigram', 439, 'Raomari'),
(2480, 6, 'Rangpur', 55, 'Kurigram', 440, 'Ulipur'),
(2481, 6, 'Rangpur', 56, 'Lalmonirhat', 441, 'Aditmari'),
(2482, 6, 'Rangpur', 56, 'Lalmonirhat', 442, 'Hatibandha'),
(2483, 6, 'Rangpur', 56, 'Lalmonirhat', 443, 'Kaliganj'),
(2484, 6, 'Rangpur', 56, 'Lalmonirhat', 444, 'Lalmonirhat'),
(2485, 6, 'Rangpur', 56, 'Lalmonirhat', 445, 'Patgram'),
(2486, 6, 'Rangpur', 57, 'Nilphamari', 446, 'Dimla'),
(2487, 6, 'Rangpur', 57, 'Nilphamari', 447, 'Domar'),
(2488, 6, 'Rangpur', 57, 'Nilphamari', 448, 'Jaldhaka'),
(2489, 6, 'Rangpur', 57, 'Nilphamari', 449, 'Kishoreganj'),
(2490, 6, 'Rangpur', 57, 'Nilphamari', 450, 'Nilphamari'),
(2491, 6, 'Rangpur', 57, 'Nilphamari', 451, 'Saidpur'),
(2492, 6, 'Rangpur', 58, 'Panchagarh', 452, 'Atwari'),
(2493, 6, 'Rangpur', 58, 'Panchagarh', 453, 'Boda'),
(2494, 6, 'Rangpur', 58, 'Panchagarh', 454, 'Debiganj'),
(2495, 6, 'Rangpur', 58, 'Panchagarh', 455, 'Panchagarh'),
(2496, 6, 'Rangpur', 58, 'Panchagarh', 456, 'Tetulia'),
(2497, 6, 'Rangpur', 59, 'Rangpur', 457, 'Badarganj'),
(2498, 6, 'Rangpur', 59, 'Rangpur', 458, 'Gangachhara'),
(2499, 6, 'Rangpur', 59, 'Rangpur', 459, 'Kaunia'),
(2500, 6, 'Rangpur', 59, 'Rangpur', 460, 'Rangpur'),
(2501, 6, 'Rangpur', 59, 'Rangpur', 461, 'Mithapukur'),
(2502, 6, 'Rangpur', 59, 'Rangpur', 462, 'Pirgachha'),
(2503, 6, 'Rangpur', 59, 'Rangpur', 463, 'Pirganj'),
(2504, 6, 'Rangpur', 59, 'Rangpur', 464, 'Taraganj'),
(2505, 6, 'Rangpur', 60, 'Thakurgaon', 465, 'Baliadangi'),
(2506, 6, 'Rangpur', 60, 'Thakurgaon', 466, 'Haripur'),
(2507, 6, 'Rangpur', 60, 'Thakurgaon', 467, 'Pirganj'),
(2508, 6, 'Rangpur', 60, 'Thakurgaon', 468, 'Ranisankail'),
(2509, 6, 'Rangpur', 60, 'Thakurgaon', 469, 'Thakurgaon'),
(2510, 7, 'Sylhet', 61, 'Habiganj', 470, 'Ajmiriganj'),
(2511, 7, 'Sylhet', 61, 'Habiganj', 471, 'Bahubal'),
(2512, 7, 'Sylhet', 61, 'Habiganj', 472, 'Baniyachong'),
(2513, 7, 'Sylhet', 61, 'Habiganj', 473, 'Chunarughat'),
(2514, 7, 'Sylhet', 61, 'Habiganj', 474, 'Habiganj'),
(2515, 7, 'Sylhet', 61, 'Habiganj', 475, 'Lakhai'),
(2516, 7, 'Sylhet', 61, 'Habiganj', 476, 'Madhabpur'),
(2517, 7, 'Sylhet', 61, 'Habiganj', 477, 'Nabiganj'),
(2518, 7, 'Sylhet', 62, 'Moulvibazar', 478, 'Barlekha'),
(2519, 7, 'Sylhet', 62, 'Moulvibazar', 479, 'Kamalganj'),
(2520, 7, 'Sylhet', 62, 'Moulvibazar', 480, 'Kulaura'),
(2521, 7, 'Sylhet', 62, 'Moulvibazar', 481, 'Moulvibazar'),
(2522, 7, 'Sylhet', 62, 'Moulvibazar', 482, 'Rajnagar'),
(2523, 7, 'Sylhet', 62, 'Moulvibazar', 483, 'Sreemangal'),
(2524, 7, 'Sylhet', 62, 'Moulvibazar', 484, 'Juri'),
(2525, 7, 'Sylhet', 63, 'Sunamganj', 485, 'Bishwamvarpur'),
(2526, 7, 'Sylhet', 63, 'Sunamganj', 486, 'Chhatak'),
(2527, 7, 'Sylhet', 63, 'Sunamganj', 487, 'Derai'),
(2528, 7, 'Sylhet', 63, 'Sunamganj', 488, 'Dharampasha'),
(2529, 7, 'Sylhet', 63, 'Sunamganj', 489, 'Dowarabazar'),
(2530, 7, 'Sylhet', 63, 'Sunamganj', 490, 'Jagannathpur'),
(2531, 7, 'Sylhet', 63, 'Sunamganj', 491, 'Jamalganj'),
(2532, 7, 'Sylhet', 63, 'Sunamganj', 492, 'Sullah'),
(2533, 7, 'Sylhet', 63, 'Sunamganj', 493, 'Sunamganj'),
(2534, 7, 'Sylhet', 63, 'Sunamganj', 494, 'Tahirpur'),
(2535, 7, 'Sylhet', 63, 'Sunamganj', 495, 'South'),
(2536, 7, 'Sylhet', 64, 'Sylhet', 496, 'Balaganj'),
(2537, 7, 'Sylhet', 64, 'Sylhet', 497, 'Beanibazar'),
(2538, 7, 'Sylhet', 64, 'Sylhet', 498, 'Bishwanath'),
(2539, 7, 'Sylhet', 64, 'Sylhet', 499, 'Companigonj'),
(2540, 7, 'Sylhet', 64, 'Sylhet', 500, 'Fenchuganj'),
(2541, 7, 'Sylhet', 64, 'Sylhet', 501, 'Golapganj'),
(2542, 7, 'Sylhet', 64, 'Sylhet', 502, 'Gowainghat'),
(2543, 7, 'Sylhet', 64, 'Sylhet', 503, 'Jaintiapur'),
(2544, 7, 'Sylhet', 64, 'Sylhet', 504, 'Kanaighat'),
(2545, 7, 'Sylhet', 64, 'Sylhet', 505, 'Sylhet'),
(2546, 7, 'Sylhet', 64, 'Sylhet', 506, 'Zakiganj'),
(2547, 7, 'Sylhet', 64, 'Sylhet', 507, 'South');

-- --------------------------------------------------------

--
-- Table structure for table `division_dist_upzilla`
--

CREATE TABLE IF NOT EXISTS `division_dist_upzilla` (
  `division_code` int(4) NOT NULL,
  `division_name` varchar(100) NOT NULL,
  `district_code` int(4) NOT NULL,
  `district_name` varchar(200) DEFAULT NULL,
  `upzilla_code` int(4) NOT NULL,
  `upzilla_name` varchar(200) NOT NULL
) ENGINE=InnoDB DEFAULT CHARSET=latin1;

--
-- Dumping data for table `division_dist_upzilla`
--

INSERT INTO `division_dist_upzilla` (`division_code`, `division_name`, `district_code`, `district_name`, `upzilla_code`, `upzilla_name`) VALUES
(1, 'Dhaka', 1, 'Dhaka', 1, 'Dhamrai'),
(1, 'Dhaka', 1, 'Dhaka', 2, 'Dohar'),
(1, 'Dhaka', 1, 'Dhaka', 3, 'Keraniganj'),
(1, 'Dhaka', 1, 'Dhaka', 4, 'Nawabganj'),
(1, 'Dhaka', 1, 'Dhaka', 5, 'Savar'),
(1, 'Dhaka', 2, 'Faridpur', 6, 'Alfadanga'),
(1, 'Dhaka', 2, 'Faridpur', 7, 'Bhanga'),
(1, 'Dhaka', 2, 'Faridpur', 8, 'Boalmari'),
(1, 'Dhaka', 2, 'Faridpur', 9, 'Charbhadrasan'),
(1, 'Dhaka', 2, 'Faridpur', 10, 'Faridpur'),
(1, 'Dhaka', 2, 'Faridpur', 11, 'Madhukhali'),
(1, 'Dhaka', 2, 'Faridpur', 12, 'Nagarkanda'),
(1, 'Dhaka', 2, 'Faridpur', 13, 'Sadarpur'),
(1, 'Dhaka', 2, 'Faridpur', 14, 'Saltha'),
(1, 'Dhaka', 3, 'Gazipur', 15, 'Gazipur'),
(1, 'Dhaka', 3, 'Gazipur', 16, 'Kaliakair'),
(1, 'Dhaka', 3, 'Gazipur', 17, 'Kaliganj'),
(1, 'Dhaka', 3, 'Gazipur', 18, 'Kapasia'),
(1, 'Dhaka', 3, 'Gazipur', 19, 'Sreepur'),
(1, 'Dhaka', 4, 'Gopalganj', 20, 'Gopalganj'),
(1, 'Dhaka', 4, 'Gopalganj', 21, 'Kashiani'),
(1, 'Dhaka', 4, 'Gopalganj', 22, 'Kotalipara'),
(1, 'Dhaka', 4, 'Gopalganj', 23, 'Muksudpur'),
(1, 'Dhaka', 4, 'Gopalganj', 24, 'Tungipara'),
(1, 'Dhaka', 5, 'Jamalpur', 25, 'Baksiganj'),
(1, 'Dhaka', 5, 'Jamalpur', 26, 'Dewanganj'),
(1, 'Dhaka', 5, 'Jamalpur', 27, 'Islampur'),
(1, 'Dhaka', 5, 'Jamalpur', 28, 'Jamalpur'),
(1, 'Dhaka', 5, 'Jamalpur', 29, 'Madarganj'),
(1, 'Dhaka', 5, 'Jamalpur', 30, 'Melandaha'),
(1, 'Dhaka', 5, 'Jamalpur', 31, 'Sarishabari'),
(1, 'Dhaka', 6, 'Kishoreganj', 32, 'Astagram'),
(1, 'Dhaka', 6, 'Kishoreganj', 33, 'Bajitpur'),
(1, 'Dhaka', 6, 'Kishoreganj', 34, 'Bhairab'),
(1, 'Dhaka', 6, 'Kishoreganj', 35, 'Hossainpur'),
(1, 'Dhaka', 6, 'Kishoreganj', 36, 'Itna'),
(1, 'Dhaka', 6, 'Kishoreganj', 37, 'Karimganj'),
(1, 'Dhaka', 6, 'Kishoreganj', 38, 'Katiadi'),
(1, 'Dhaka', 6, 'Kishoreganj', 39, 'Kishoreganj'),
(1, 'Dhaka', 6, 'Kishoreganj', 40, 'Kuliarchar'),
(1, 'Dhaka', 6, 'Kishoreganj', 41, 'Mithamain'),
(1, 'Dhaka', 6, 'Kishoreganj', 42, 'Nikli'),
(1, 'Dhaka', 6, 'Kishoreganj', 43, 'Pakundia'),
(1, 'Dhaka', 6, 'Kishoreganj', 44, 'Tarail'),
(1, 'Dhaka', 7, 'Madaripur', 45, 'Rajoir'),
(1, 'Dhaka', 7, 'Madaripur', 46, 'Madaripur'),
(1, 'Dhaka', 7, 'Madaripur', 47, 'Kalkini'),
(1, 'Dhaka', 7, 'Madaripur', 48, 'Shibchar'),
(1, 'Dhaka', 8, 'Manikganj', 49, 'Daulatpur'),
(1, 'Dhaka', 8, 'Manikganj', 50, 'Ghior'),
(1, 'Dhaka', 8, 'Manikganj', 51, 'Harirampur'),
(1, 'Dhaka', 8, 'Manikganj', 52, 'Manikgonj'),
(1, 'Dhaka', 8, 'Manikganj', 53, 'Saturia'),
(1, 'Dhaka', 8, 'Manikganj', 54, 'Shivalaya'),
(1, 'Dhaka', 8, 'Manikganj', 55, 'Singair'),
(1, 'Dhaka', 9, 'Munshiganj', 56, 'Gazaria'),
(1, 'Dhaka', 9, 'Munshiganj', 57, 'Lohajang'),
(1, 'Dhaka', 9, 'Munshiganj', 58, 'Munshiganj'),
(1, 'Dhaka', 9, 'Munshiganj', 59, 'Sirajdikhan'),
(1, 'Dhaka', 9, 'Munshiganj', 60, 'Sreenagar'),
(1, 'Dhaka', 9, 'Munshiganj', 61, 'Tongibari'),
(1, 'Dhaka', 10, 'Mymensingh', 62, 'Bhaluka'),
(1, 'Dhaka', 10, 'Mymensingh', 63, 'Dhobaura'),
(1, 'Dhaka', 10, 'Mymensingh', 64, 'Fulbaria'),
(1, 'Dhaka', 10, 'Mymensingh', 65, 'Gaffargaon'),
(1, 'Dhaka', 10, 'Mymensingh', 66, 'Gauripur'),
(1, 'Dhaka', 10, 'Mymensingh', 67, 'Haluaghat'),
(1, 'Dhaka', 10, 'Mymensingh', 68, 'Ishwarganj'),
(1, 'Dhaka', 10, 'Mymensingh', 69, 'Mymensingh'),
(1, 'Dhaka', 10, 'Mymensingh', 70, 'Muktagachha'),
(1, 'Dhaka', 10, 'Mymensingh', 71, 'Nandail'),
(1, 'Dhaka', 10, 'Mymensingh', 72, 'Phulpur'),
(1, 'Dhaka', 10, 'Mymensingh', 73, 'Trishal'),
(1, 'Dhaka', 10, 'Mymensingh', 74, 'Tara'),
(1, 'Dhaka', 11, 'Narayanganj', 75, 'Araihazar'),
(1, 'Dhaka', 11, 'Narayanganj', 76, 'Bandar'),
(1, 'Dhaka', 11, 'Narayanganj', 77, 'Narayanganj'),
(1, 'Dhaka', 11, 'Narayanganj', 78, 'Rupganj'),
(1, 'Dhaka', 11, 'Narayanganj', 79, 'Sonargaon'),
(1, 'Dhaka', 12, 'Netrokona', 80, 'Atpara'),
(1, 'Dhaka', 12, 'Netrokona', 81, 'Barhatta'),
(1, 'Dhaka', 12, 'Netrokona', 82, 'Durgapur'),
(1, 'Dhaka', 12, 'Netrokona', 83, 'Khaliajuri'),
(1, 'Dhaka', 12, 'Netrokona', 84, 'Kalmakanda'),
(1, 'Dhaka', 12, 'Netrokona', 85, 'Kendua'),
(1, 'Dhaka', 12, 'Netrokona', 86, 'Madan'),
(1, 'Dhaka', 12, 'Netrokona', 87, 'Mohanganj'),
(1, 'Dhaka', 12, 'Netrokona', 88, 'Netrokona'),
(1, 'Dhaka', 12, 'Netrokona', 89, 'Purbadhala'),
(1, 'Dhaka', 13, 'Rajbari', 90, 'Baliakandi'),
(1, 'Dhaka', 13, 'Rajbari', 91, 'Goalandaghat'),
(1, 'Dhaka', 13, 'Rajbari', 92, 'Pangsha'),
(1, 'Dhaka', 13, 'Rajbari', 93, 'Rajbari'),
(1, 'Dhaka', 13, 'Rajbari', 94, 'Kalukhali'),
(1, 'Dhaka', 14, 'Shariatpur', 95, 'Bhedarganj'),
(1, 'Dhaka', 14, 'Shariatpur', 96, 'Damudya'),
(1, 'Dhaka', 14, 'Shariatpur', 97, 'Gosairhat'),
(1, 'Dhaka', 14, 'Shariatpur', 98, 'Naria'),
(1, 'Dhaka', 14, 'Shariatpur', 99, 'Shariatpur'),
(1, 'Dhaka', 14, 'Shariatpur', 100, 'Zanjira'),
(1, 'Dhaka', 14, 'Shariatpur', 101, 'Shakhipur'),
(1, 'Dhaka', 15, 'Sherpur', 102, 'Jhenaigati'),
(1, 'Dhaka', 15, 'Sherpur', 103, 'Nakla'),
(1, 'Dhaka', 15, 'Sherpur', 104, 'Nalitabari'),
(1, 'Dhaka', 15, 'Sherpur', 105, 'Sherpur'),
(1, 'Dhaka', 15, 'Sherpur', 106, 'Sreebardi'),
(1, 'Dhaka', 16, 'Tangail', 107, 'Gopalpur'),
(1, 'Dhaka', 16, 'Tangail', 108, 'Basail'),
(1, 'Dhaka', 16, 'Tangail', 109, 'Bhuapur'),
(1, 'Dhaka', 16, 'Tangail', 110, 'Delduar'),
(1, 'Dhaka', 16, 'Tangail', 111, 'Ghatail'),
(1, 'Dhaka', 16, 'Tangail', 112, 'Kalihati'),
(1, 'Dhaka', 16, 'Tangail', 113, 'Madhupur'),
(1, 'Dhaka', 16, 'Tangail', 114, 'Mirzapur'),
(1, 'Dhaka', 16, 'Tangail', 115, 'Nagarpur'),
(1, 'Dhaka', 16, 'Tangail', 116, 'Sakhipur'),
(1, 'Dhaka', 16, 'Tangail', 117, 'Dhanbari'),
(1, 'Dhaka', 16, 'Tangail', 118, 'Tangail'),
(1, 'Dhaka', 17, 'Narsingdi', 119, 'Narsingdi'),
(1, 'Dhaka', 17, 'Narsingdi', 120, 'Belabo'),
(1, 'Dhaka', 17, 'Narsingdi', 121, 'Monohardi'),
(1, 'Dhaka', 17, 'Narsingdi', 122, 'Palash'),
(1, 'Dhaka', 17, 'Narsingdi', 123, 'Raipura'),
(1, 'Dhaka', 17, 'Narsingdi', 124, 'Shibpur'),
(2, 'Chittagong', 18, 'Bandarban', 125, 'Ali'),
(2, 'Chittagong', 18, 'Bandarban', 126, 'Bandarban'),
(2, 'Chittagong', 18, 'Bandarban', 127, 'Lama'),
(2, 'Chittagong', 18, 'Bandarban', 128, 'Naikhongchhari'),
(2, 'Chittagong', 18, 'Bandarban', 129, 'Rowangchhari'),
(2, 'Chittagong', 18, 'Bandarban', 130, 'Ruma'),
(2, 'Chittagong', 18, 'Bandarban', 131, 'Thanchi'),
(2, 'Chittagong', 19, 'Brahmanbaria', 132, 'Akhaura'),
(2, 'Chittagong', 19, 'Brahmanbaria', 133, 'Bancharampur'),
(2, 'Chittagong', 19, 'Brahmanbaria', 134, 'Brahmanbaria'),
(2, 'Chittagong', 19, 'Brahmanbaria', 135, 'Kasba'),
(2, 'Chittagong', 19, 'Brahmanbaria', 136, 'Nabinagar'),
(2, 'Chittagong', 19, 'Brahmanbaria', 137, 'Nasirnagar'),
(2, 'Chittagong', 19, 'Brahmanbaria', 138, 'Sarail'),
(2, 'Chittagong', 19, 'Brahmanbaria', 139, 'Ashuganj'),
(2, 'Chittagong', 19, 'Brahmanbaria', 140, 'Bijoynagar'),
(2, 'Chittagong', 20, 'Chandpur', 141, 'Chandpur'),
(2, 'Chittagong', 20, 'Chandpur', 142, 'Faridganj'),
(2, 'Chittagong', 20, 'Chandpur', 143, 'Haimchar'),
(2, 'Chittagong', 20, 'Chandpur', 144, 'Haziganj'),
(2, 'Chittagong', 20, 'Chandpur', 145, 'Kachua'),
(2, 'Chittagong', 20, 'Chandpur', 146, 'Matlab'),
(2, 'Chittagong', 20, 'Chandpur', 147, 'Matlab'),
(2, 'Chittagong', 20, 'Chandpur', 148, 'Shahrasti'),
(2, 'Chittagong', 21, 'Chittagong', 149, 'Anwara'),
(2, 'Chittagong', 21, 'Chittagong', 150, 'Banshkhali'),
(2, 'Chittagong', 21, 'Chittagong', 151, 'Boalkhali'),
(2, 'Chittagong', 21, 'Chittagong', 152, 'Chandanaish'),
(2, 'Chittagong', 21, 'Chittagong', 153, 'Fatikchhari'),
(2, 'Chittagong', 21, 'Chittagong', 154, 'Hathazari'),
(2, 'Chittagong', 21, 'Chittagong', 155, 'Lohagara'),
(2, 'Chittagong', 21, 'Chittagong', 156, 'Mirsharai'),
(2, 'Chittagong', 21, 'Chittagong', 157, 'Patiya'),
(2, 'Chittagong', 21, 'Chittagong', 158, 'Rangunia'),
(2, 'Chittagong', 21, 'Chittagong', 159, 'Raozan'),
(2, 'Chittagong', 21, 'Chittagong', 160, 'Sandwip'),
(2, 'Chittagong', 21, 'Chittagong', 161, 'Satkania'),
(2, 'Chittagong', 21, 'Chittagong', 162, 'Sitakunda'),
(2, 'Chittagong', 21, 'Chittagong', 163, 'Bandor'),
(2, 'Chittagong', 21, 'Chittagong', 164, 'Chandgaon'),
(2, 'Chittagong', 21, 'Chittagong', 165, 'Double'),
(2, 'Chittagong', 21, 'Chittagong', 166, 'Kotwali'),
(2, 'Chittagong', 21, 'Chittagong', 167, 'Pahartali'),
(2, 'Chittagong', 21, 'Chittagong', 168, 'Panchlaish'),
(2, 'Chittagong', 22, 'Comilla', 169, 'Barura'),
(2, 'Chittagong', 22, 'Comilla', 170, 'Brahmanpara'),
(2, 'Chittagong', 22, 'Comilla', 171, 'Burichang'),
(2, 'Chittagong', 22, 'Comilla', 172, 'Chandina'),
(2, 'Chittagong', 22, 'Comilla', 173, 'Chauddagram'),
(2, 'Chittagong', 22, 'Comilla', 174, 'Daudkandi'),
(2, 'Chittagong', 22, 'Comilla', 175, 'Debidwar'),
(2, 'Chittagong', 22, 'Comilla', 176, 'Homna'),
(2, 'Chittagong', 22, 'Comilla', 177, 'Laksam'),
(2, 'Chittagong', 22, 'Comilla', 178, 'Muradnagar'),
(2, 'Chittagong', 22, 'Comilla', 179, 'Nangalkot'),
(2, 'Chittagong', 22, 'Comilla', 180, 'Comilla'),
(2, 'Chittagong', 22, 'Comilla', 181, 'Meghna'),
(2, 'Chittagong', 22, 'Comilla', 182, 'Titas'),
(2, 'Chittagong', 22, 'Comilla', 183, 'Monohargonj'),
(2, 'Chittagong', 22, 'Comilla', 184, 'Comilla'),
(2, 'Chittagong', 23, 'Cox''s', 185, 'Chakaria'),
(2, 'Chittagong', 23, 'Cox''s', 186, 'Cox''s'),
(2, 'Chittagong', 23, 'Cox''s', 187, 'Kutubdia'),
(2, 'Chittagong', 23, 'Cox''s', 188, 'Maheshkhali'),
(2, 'Chittagong', 23, 'Cox''s', 189, 'Ramu'),
(2, 'Chittagong', 23, 'Cox''s', 190, 'Teknaf'),
(2, 'Chittagong', 23, 'Cox''s', 191, 'Ukhia'),
(2, 'Chittagong', 23, 'Cox''s', 192, 'Pekua'),
(2, 'Chittagong', 24, 'Feni', 193, 'Chhagalnaiya'),
(2, 'Chittagong', 24, 'Feni', 194, 'Daganbhuiyan'),
(2, 'Chittagong', 24, 'Feni', 195, 'Feni'),
(2, 'Chittagong', 24, 'Feni', 196, 'Parshuram'),
(2, 'Chittagong', 24, 'Feni', 197, 'Sonagazi'),
(2, 'Chittagong', 24, 'Feni', 198, 'Fulgazi'),
(2, 'Chittagong', 25, 'Khagrachhari', 199, 'Dighinala'),
(2, 'Chittagong', 25, 'Khagrachhari', 200, 'Khagrachhari'),
(2, 'Chittagong', 25, 'Khagrachhari', 201, 'Lakshmichhari'),
(2, 'Chittagong', 25, 'Khagrachhari', 202, 'Mahalchhari'),
(2, 'Chittagong', 25, 'Khagrachhari', 203, 'Manikchhari'),
(2, 'Chittagong', 25, 'Khagrachhari', 204, 'Matiranga'),
(2, 'Chittagong', 25, 'Khagrachhari', 205, 'Panchhari'),
(2, 'Chittagong', 25, 'Khagrachhari', 206, 'Ramgarh'),
(2, 'Chittagong', 26, 'Lakshmipur', 207, 'Lakshmipur'),
(2, 'Chittagong', 26, 'Lakshmipur', 208, 'Raipur'),
(2, 'Chittagong', 26, 'Lakshmipur', 209, 'Ramganj'),
(2, 'Chittagong', 26, 'Lakshmipur', 210, 'Ramgati'),
(2, 'Chittagong', 26, 'Lakshmipur', 211, 'Kamalnagar'),
(2, 'Chittagong', 27, 'Noakhali', 212, 'Begumganj'),
(2, 'Chittagong', 27, 'Noakhali', 213, 'Noakhali'),
(2, 'Chittagong', 27, 'Noakhali', 214, 'Chatkhil'),
(2, 'Chittagong', 27, 'Noakhali', 215, 'Companiganj'),
(2, 'Chittagong', 27, 'Noakhali', 216, 'Hatiya'),
(2, 'Chittagong', 27, 'Noakhali', 217, 'Senbagh'),
(2, 'Chittagong', 27, 'Noakhali', 218, 'Sonaimuri'),
(2, 'Chittagong', 27, 'Noakhali', 219, 'Subarnachar'),
(2, 'Chittagong', 27, 'Noakhali', 220, 'Kabirhat'),
(2, 'Chittagong', 28, 'Rangamati', 221, 'Bagaichhari'),
(2, 'Chittagong', 28, 'Rangamati', 222, 'Barkal'),
(2, 'Chittagong', 28, 'Rangamati', 223, 'Kawkhali'),
(2, 'Chittagong', 28, 'Rangamati', 224, 'Belaichhari'),
(2, 'Chittagong', 28, 'Rangamati', 225, 'Kaptai'),
(2, 'Chittagong', 28, 'Rangamati', 226, 'Juraichhari'),
(2, 'Chittagong', 28, 'Rangamati', 227, 'Langadu'),
(2, 'Chittagong', 28, 'Rangamati', 228, 'Naniyachar'),
(2, 'Chittagong', 28, 'Rangamati', 229, 'Rajasthali'),
(2, 'Chittagong', 28, 'Rangamati', 230, 'Rangamati'),
(3, 'Khulna', 29, 'Bagerhat', 231, 'Bagerhat'),
(3, 'Khulna', 29, 'Bagerhat', 232, 'Chitalmari'),
(3, 'Khulna', 29, 'Bagerhat', 233, 'Fakirhat'),
(3, 'Khulna', 29, 'Bagerhat', 234, 'Kachua'),
(3, 'Khulna', 29, 'Bagerhat', 235, 'Mollahat'),
(3, 'Khulna', 29, 'Bagerhat', 236, 'Mongla'),
(3, 'Khulna', 29, 'Bagerhat', 237, 'Morrelganj'),
(3, 'Khulna', 29, 'Bagerhat', 238, 'Rampal'),
(3, 'Khulna', 29, 'Bagerhat', 239, 'Sarankhola'),
(3, 'Khulna', 30, 'Chuadanga', 240, 'Alamdanga'),
(3, 'Khulna', 30, 'Chuadanga', 241, 'Chuadanga'),
(3, 'Khulna', 30, 'Chuadanga', 242, 'Damurhuda'),
(3, 'Khulna', 30, 'Chuadanga', 243, 'Jibannagar'),
(3, 'Khulna', 31, 'Jessore', 244, 'Abhaynagar'),
(3, 'Khulna', 31, 'Jessore', 245, 'Bagherpara'),
(3, 'Khulna', 31, 'Jessore', 246, 'Chaugachha'),
(3, 'Khulna', 31, 'Jessore', 247, 'Jhikargachha'),
(3, 'Khulna', 31, 'Jessore', 248, 'Keshabpur'),
(3, 'Khulna', 31, 'Jessore', 249, 'Jessore'),
(3, 'Khulna', 31, 'Jessore', 250, 'Manirampur'),
(3, 'Khulna', 31, 'Jessore', 251, 'Sharsha'),
(3, 'Khulna', 32, 'Jhenaida', 252, 'Harinakunda'),
(3, 'Khulna', 32, 'Jhenaida', 253, 'Jhenaidah'),
(3, 'Khulna', 32, 'Jhenaida', 254, 'Kaliganj'),
(3, 'Khulna', 32, 'Jhenaida', 255, 'Kotchandpur'),
(3, 'Khulna', 32, 'Jhenaida', 256, 'Maheshpur'),
(3, 'Khulna', 32, 'Jhenaida', 257, 'Shailkupa'),
(3, 'Khulna', 33, 'Khulna', 258, 'Batiaghata'),
(3, 'Khulna', 33, 'Khulna', 259, 'Dacope'),
(3, 'Khulna', 33, 'Khulna', 260, 'Dumuria'),
(3, 'Khulna', 33, 'Khulna', 261, 'Dighalia'),
(3, 'Khulna', 33, 'Khulna', 262, 'Koyra'),
(3, 'Khulna', 33, 'Khulna', 263, 'Paikgachha'),
(3, 'Khulna', 33, 'Khulna', 264, 'Phultala'),
(3, 'Khulna', 33, 'Khulna', 265, 'Rupsha'),
(3, 'Khulna', 33, 'Khulna', 266, 'Terokhada'),
(3, 'Khulna', 33, 'Khulna', 267, 'Daulatpur'),
(3, 'Khulna', 33, 'Khulna', 268, 'Khalishpur'),
(3, 'Khulna', 33, 'Khulna', 269, 'Khan'),
(3, 'Khulna', 33, 'Khulna', 270, 'Kotwali'),
(3, 'Khulna', 33, 'Khulna', 271, 'Sonadanga'),
(3, 'Khulna', 33, 'Khulna', 272, 'Harintana'),
(3, 'Khulna', 34, 'Kushtia', 273, 'Bheramara'),
(3, 'Khulna', 34, 'Kushtia', 274, 'Daulatpur'),
(3, 'Khulna', 34, 'Kushtia', 275, 'Khoksa'),
(3, 'Khulna', 34, 'Kushtia', 276, 'Kumarkhali'),
(3, 'Khulna', 34, 'Kushtia', 277, 'Kushtia'),
(3, 'Khulna', 34, 'Kushtia', 278, 'Mirpur'),
(3, 'Khulna', 34, 'Kushtia', 279, 'Shekhpara'),
(3, 'Khulna', 35, 'Magura', 280, 'Magura'),
(3, 'Khulna', 35, 'Magura', 281, 'Mohammadpur'),
(3, 'Khulna', 35, 'Magura', 282, 'Shalikha'),
(3, 'Khulna', 35, 'Magura', 283, 'Sreepur'),
(3, 'Khulna', 36, 'Meherpur', 284, 'Gangni'),
(3, 'Khulna', 36, 'Meherpur', 285, 'Meherpur'),
(3, 'Khulna', 36, 'Meherpur', 286, 'Mujibnagar'),
(3, 'Khulna', 37, 'Narail', 287, 'Kalia'),
(3, 'Khulna', 37, 'Narail', 288, 'Lohagara'),
(3, 'Khulna', 37, 'Narail', 289, 'Narail'),
(3, 'Khulna', 37, 'Narail', 290, 'Naragati'),
(3, 'Khulna', 38, 'Satkhira', 291, 'Assasuni'),
(3, 'Khulna', 38, 'Satkhira', 292, 'Debhata'),
(3, 'Khulna', 38, 'Satkhira', 293, 'Kalaroa'),
(3, 'Khulna', 38, 'Satkhira', 294, 'Kaliganj'),
(3, 'Khulna', 38, 'Satkhira', 295, 'Satkhira'),
(3, 'Khulna', 38, 'Satkhira', 296, 'Shyamnagar'),
(3, 'Khulna', 38, 'Satkhira', 297, 'Tala'),
(4, 'Rajshahi', 39, 'Joypurhat', 298, 'Akkelpur'),
(4, 'Rajshahi', 39, 'Joypurhat', 299, 'Joypurhat'),
(4, 'Rajshahi', 39, 'Joypurhat', 300, 'Kalai'),
(4, 'Rajshahi', 39, 'Joypurhat', 301, 'Khetlal'),
(4, 'Rajshahi', 39, 'Joypurhat', 302, 'Panchbibi'),
(4, 'Rajshahi', 40, 'Bogra', 303, 'Adamdighi'),
(4, 'Rajshahi', 40, 'Bogra', 304, 'Bogra'),
(4, 'Rajshahi', 40, 'Bogra', 305, 'Dhunat'),
(4, 'Rajshahi', 40, 'Bogra', 306, 'Dhupchanchia'),
(4, 'Rajshahi', 40, 'Bogra', 307, 'Gabtali'),
(4, 'Rajshahi', 40, 'Bogra', 308, 'Kahaloo'),
(4, 'Rajshahi', 40, 'Bogra', 309, 'Nandigram'),
(4, 'Rajshahi', 40, 'Bogra', 310, 'Sariakandi'),
(4, 'Rajshahi', 40, 'Bogra', 311, 'Shajahanpur'),
(4, 'Rajshahi', 40, 'Bogra', 312, 'Sherpur'),
(4, 'Rajshahi', 40, 'Bogra', 313, 'Shibganj'),
(4, 'Rajshahi', 40, 'Bogra', 314, 'Sonatola'),
(4, 'Rajshahi', 41, 'Naogaon', 315, 'Atrai'),
(4, 'Rajshahi', 41, 'Naogaon', 316, 'Badalgachhi'),
(4, 'Rajshahi', 41, 'Naogaon', 317, 'Manda'),
(4, 'Rajshahi', 41, 'Naogaon', 318, 'Dhamoirhat'),
(4, 'Rajshahi', 41, 'Naogaon', 319, 'Mohadevpur'),
(4, 'Rajshahi', 41, 'Naogaon', 320, 'Naogaon'),
(4, 'Rajshahi', 41, 'Naogaon', 321, 'Niamatpur'),
(4, 'Rajshahi', 41, 'Naogaon', 322, 'Patnitala'),
(4, 'Rajshahi', 41, 'Naogaon', 323, 'Porsha'),
(4, 'Rajshahi', 41, 'Naogaon', 324, 'Raninagar'),
(4, 'Rajshahi', 41, 'Naogaon', 325, 'Sapahar'),
(4, 'Rajshahi', 42, 'Natore', 326, 'Bagatipara'),
(4, 'Rajshahi', 42, 'Natore', 327, 'Baraigram'),
(4, 'Rajshahi', 42, 'Natore', 328, 'Gurudaspur'),
(4, 'Rajshahi', 42, 'Natore', 329, 'Lalpur'),
(4, 'Rajshahi', 42, 'Natore', 330, 'Natore'),
(4, 'Rajshahi', 42, 'Natore', 331, 'Singra'),
(4, 'Rajshahi', 42, 'Natore', 332, 'Naldanga'),
(4, 'Rajshahi', 43, 'Nawabganj', 333, 'Bholahat'),
(4, 'Rajshahi', 43, 'Nawabganj', 334, 'Gomastapur'),
(4, 'Rajshahi', 43, 'Nawabganj', 335, 'Nachole'),
(4, 'Rajshahi', 43, 'Nawabganj', 336, 'Nawabganj'),
(4, 'Rajshahi', 43, 'Nawabganj', 337, 'Shibganj'),
(4, 'Rajshahi', 44, 'Pabna', 338, 'Ataikula'),
(4, 'Rajshahi', 44, 'Pabna', 339, 'Atgharia'),
(4, 'Rajshahi', 44, 'Pabna', 340, 'Bera'),
(4, 'Rajshahi', 44, 'Pabna', 341, 'Bhangura'),
(4, 'Rajshahi', 44, 'Pabna', 342, 'Chatmohar'),
(4, 'Rajshahi', 44, 'Pabna', 343, 'Faridpur'),
(4, 'Rajshahi', 44, 'Pabna', 344, 'Ishwardi'),
(4, 'Rajshahi', 44, 'Pabna', 345, 'Pabna'),
(4, 'Rajshahi', 44, 'Pabna', 346, 'Santhia'),
(4, 'Rajshahi', 44, 'Pabna', 347, 'Sujanagar'),
(4, 'Rajshahi', 45, 'Sirajganj', 348, 'Belkuchi'),
(4, 'Rajshahi', 45, 'Sirajganj', 349, 'Chauhali'),
(4, 'Rajshahi', 45, 'Sirajganj', 350, 'Kamarkhanda'),
(4, 'Rajshahi', 45, 'Sirajganj', 351, 'Kazipur'),
(4, 'Rajshahi', 45, 'Sirajganj', 352, 'Raiganj'),
(4, 'Rajshahi', 45, 'Sirajganj', 353, 'Shahjadpur'),
(4, 'Rajshahi', 45, 'Sirajganj', 354, 'Sirajganj'),
(4, 'Rajshahi', 45, 'Sirajganj', 355, 'Tarash'),
(4, 'Rajshahi', 45, 'Sirajganj', 356, 'Ullahpara'),
(4, 'Rajshahi', 46, 'Rajshahi', 357, 'Bagha'),
(4, 'Rajshahi', 46, 'Rajshahi', 358, 'Bagmara'),
(4, 'Rajshahi', 46, 'Rajshahi', 359, 'Charghat'),
(4, 'Rajshahi', 46, 'Rajshahi', 360, 'Durgapur'),
(4, 'Rajshahi', 46, 'Rajshahi', 361, 'Godagari'),
(4, 'Rajshahi', 46, 'Rajshahi', 362, 'Mohanpur'),
(4, 'Rajshahi', 46, 'Rajshahi', 363, 'Paba'),
(4, 'Rajshahi', 46, 'Rajshahi', 364, 'Puthia'),
(4, 'Rajshahi', 46, 'Rajshahi', 365, 'Tanore'),
(4, 'Rajshahi', 46, 'Rajshahi', 366, 'Boalia'),
(4, 'Rajshahi', 46, 'Rajshahi', 367, 'Matihar'),
(4, 'Rajshahi', 46, 'Rajshahi', 368, 'Rajpara'),
(4, 'Rajshahi', 46, 'Rajshahi', 369, 'Shah'),
(5, 'Barisal', 47, 'Barguna', 370, 'Amtali'),
(5, 'Barisal', 47, 'Barguna', 371, 'Bamna'),
(5, 'Barisal', 47, 'Barguna', 372, 'Barguna'),
(5, 'Barisal', 47, 'Barguna', 373, 'Betagi'),
(5, 'Barisal', 47, 'Barguna', 374, 'Patharghata'),
(5, 'Barisal', 47, 'Barguna', 375, 'Taltoli'),
(5, 'Barisal', 48, 'Barisal', 376, 'Agailjhara'),
(5, 'Barisal', 48, 'Barisal', 377, 'Babuganj'),
(5, 'Barisal', 48, 'Barisal', 378, 'Bakerganj'),
(5, 'Barisal', 48, 'Barisal', 379, 'Banaripara'),
(5, 'Barisal', 48, 'Barisal', 380, 'Gaurnadi'),
(5, 'Barisal', 48, 'Barisal', 381, 'Hizla'),
(5, 'Barisal', 48, 'Barisal', 382, 'Barisal'),
(5, 'Barisal', 48, 'Barisal', 383, 'Mehendiganj'),
(5, 'Barisal', 48, 'Barisal', 384, 'Muladi'),
(5, 'Barisal', 48, 'Barisal', 385, 'Wazirpur'),
(5, 'Barisal', 49, 'Bhola', 386, 'Bhola'),
(5, 'Barisal', 49, 'Bhola', 387, 'Burhanuddin'),
(5, 'Barisal', 49, 'Bhola', 388, 'Char'),
(5, 'Barisal', 49, 'Bhola', 389, 'Daulatkhan'),
(5, 'Barisal', 49, 'Bhola', 390, 'Lalmohan'),
(5, 'Barisal', 49, 'Bhola', 391, 'Manpura'),
(5, 'Barisal', 49, 'Bhola', 392, 'Tazumuddin'),
(5, 'Barisal', 50, 'Jhalokati', 393, 'Jhalokati'),
(5, 'Barisal', 50, 'Jhalokati', 394, 'Kathalia'),
(5, 'Barisal', 50, 'Jhalokati', 395, 'Nalchity'),
(5, 'Barisal', 50, 'Jhalokati', 396, 'Rajapur'),
(5, 'Barisal', 51, 'Patuakhali', 397, 'Bauphal'),
(5, 'Barisal', 51, 'Patuakhali', 398, 'Dashmina'),
(5, 'Barisal', 51, 'Patuakhali', 399, 'Galachipa'),
(5, 'Barisal', 51, 'Patuakhali', 400, 'Kalapara'),
(5, 'Barisal', 51, 'Patuakhali', 401, 'Mirzaganj'),
(5, 'Barisal', 51, 'Patuakhali', 402, 'Patuakhali'),
(5, 'Barisal', 51, 'Patuakhali', 403, 'Rangabali'),
(5, 'Barisal', 51, 'Patuakhali', 404, 'Dumki'),
(5, 'Barisal', 52, 'Pirojpur', 405, 'Bhandaria'),
(5, 'Barisal', 52, 'Pirojpur', 406, 'Kawkhali'),
(5, 'Barisal', 52, 'Pirojpur', 407, 'Mathbaria'),
(5, 'Barisal', 52, 'Pirojpur', 408, 'Nazirpur'),
(5, 'Barisal', 52, 'Pirojpur', 409, 'Pirojpur'),
(5, 'Barisal', 52, 'Pirojpur', 410, 'Nesarabad'),
(5, 'Barisal', 52, 'Pirojpur', 411, 'Zianagor'),
(6, 'Rangpur', 53, 'Dinajpur', 412, 'Birampur'),
(6, 'Rangpur', 53, 'Dinajpur', 413, 'Birganj'),
(6, 'Rangpur', 53, 'Dinajpur', 414, 'Biral'),
(6, 'Rangpur', 53, 'Dinajpur', 415, 'Bochaganj'),
(6, 'Rangpur', 53, 'Dinajpur', 416, 'Chirirbandar'),
(6, 'Rangpur', 53, 'Dinajpur', 417, 'Phulbari'),
(6, 'Rangpur', 53, 'Dinajpur', 418, 'Ghoraghat'),
(6, 'Rangpur', 53, 'Dinajpur', 419, 'Hakimpur'),
(6, 'Rangpur', 53, 'Dinajpur', 420, 'Kaharole'),
(6, 'Rangpur', 53, 'Dinajpur', 421, 'Khansama'),
(6, 'Rangpur', 53, 'Dinajpur', 422, 'Dinajpur'),
(6, 'Rangpur', 53, 'Dinajpur', 423, 'Nawabganj'),
(6, 'Rangpur', 53, 'Dinajpur', 424, 'Parbatipur'),
(6, 'Rangpur', 54, 'Gaibandha', 425, 'Phulchhari'),
(6, 'Rangpur', 54, 'Gaibandha', 426, 'Gaibandha'),
(6, 'Rangpur', 54, 'Gaibandha', 427, 'Gobindaganj'),
(6, 'Rangpur', 54, 'Gaibandha', 428, 'Palashbari'),
(6, 'Rangpur', 54, 'Gaibandha', 429, 'Sadullapur'),
(6, 'Rangpur', 54, 'Gaibandha', 430, 'Sughatta'),
(6, 'Rangpur', 54, 'Gaibandha', 431, 'Sundarganj'),
(6, 'Rangpur', 55, 'Kurigram', 432, 'Bhurungamari'),
(6, 'Rangpur', 55, 'Kurigram', 433, 'Char'),
(6, 'Rangpur', 55, 'Kurigram', 434, 'Chilmari'),
(6, 'Rangpur', 55, 'Kurigram', 435, 'Phulbari'),
(6, 'Rangpur', 55, 'Kurigram', 436, 'Kurigram'),
(6, 'Rangpur', 55, 'Kurigram', 437, 'Nageshwari'),
(6, 'Rangpur', 55, 'Kurigram', 438, 'Rajarhat'),
(6, 'Rangpur', 55, 'Kurigram', 439, 'Raomari'),
(6, 'Rangpur', 55, 'Kurigram', 440, 'Ulipur'),
(6, 'Rangpur', 56, 'Lalmonirhat', 441, 'Aditmari'),
(6, 'Rangpur', 56, 'Lalmonirhat', 442, 'Hatibandha'),
(6, 'Rangpur', 56, 'Lalmonirhat', 443, 'Kaliganj'),
(6, 'Rangpur', 56, 'Lalmonirhat', 444, 'Lalmonirhat'),
(6, 'Rangpur', 56, 'Lalmonirhat', 445, 'Patgram'),
(6, 'Rangpur', 57, 'Nilphamari', 446, 'Dimla'),
(6, 'Rangpur', 57, 'Nilphamari', 447, 'Domar'),
(6, 'Rangpur', 57, 'Nilphamari', 448, 'Jaldhaka'),
(6, 'Rangpur', 57, 'Nilphamari', 449, 'Kishoreganj'),
(6, 'Rangpur', 57, 'Nilphamari', 450, 'Nilphamari'),
(6, 'Rangpur', 57, 'Nilphamari', 451, 'Saidpur'),
(6, 'Rangpur', 58, 'Panchagarh', 452, 'Atwari'),
(6, 'Rangpur', 58, 'Panchagarh', 453, 'Boda'),
(6, 'Rangpur', 58, 'Panchagarh', 454, 'Debiganj'),
(6, 'Rangpur', 58, 'Panchagarh', 455, 'Panchagarh'),
(6, 'Rangpur', 58, 'Panchagarh', 456, 'Tetulia'),
(6, 'Rangpur', 59, 'Rangpur', 457, 'Badarganj'),
(6, 'Rangpur', 59, 'Rangpur', 458, 'Gangachhara'),
(6, 'Rangpur', 59, 'Rangpur', 459, 'Kaunia'),
(6, 'Rangpur', 59, 'Rangpur', 460, 'Rangpur'),
(6, 'Rangpur', 59, 'Rangpur', 461, 'Mithapukur'),
(6, 'Rangpur', 59, 'Rangpur', 462, 'Pirgachha'),
(6, 'Rangpur', 59, 'Rangpur', 463, 'Pirganj'),
(6, 'Rangpur', 59, 'Rangpur', 464, 'Taraganj'),
(6, 'Rangpur', 60, 'Thakurgaon', 465, 'Baliadangi'),
(6, 'Rangpur', 60, 'Thakurgaon', 466, 'Haripur'),
(6, 'Rangpur', 60, 'Thakurgaon', 467, 'Pirganj'),
(6, 'Rangpur', 60, 'Thakurgaon', 468, 'Ranisankail'),
(6, 'Rangpur', 60, 'Thakurgaon', 469, 'Thakurgaon'),
(7, 'Sylhet', 61, 'Habiganj', 470, 'Ajmiriganj'),
(7, 'Sylhet', 61, 'Habiganj', 471, 'Bahubal'),
(7, 'Sylhet', 61, 'Habiganj', 472, 'Baniyachong'),
(7, 'Sylhet', 61, 'Habiganj', 473, 'Chunarughat'),
(7, 'Sylhet', 61, 'Habiganj', 474, 'Habiganj'),
(7, 'Sylhet', 61, 'Habiganj', 475, 'Lakhai'),
(7, 'Sylhet', 61, 'Habiganj', 476, 'Madhabpur'),
(7, 'Sylhet', 61, 'Habiganj', 477, 'Nabiganj'),
(7, 'Sylhet', 62, 'Moulvibazar', 478, 'Barlekha'),
(7, 'Sylhet', 62, 'Moulvibazar', 479, 'Kamalganj'),
(7, 'Sylhet', 62, 'Moulvibazar', 480, 'Kulaura'),
(7, 'Sylhet', 62, 'Moulvibazar', 481, 'Moulvibazar'),
(7, 'Sylhet', 62, 'Moulvibazar', 482, 'Rajnagar'),
(7, 'Sylhet', 62, 'Moulvibazar', 483, 'Sreemangal'),
(7, 'Sylhet', 62, 'Moulvibazar', 484, 'Juri'),
(7, 'Sylhet', 63, 'Sunamganj', 485, 'Bishwamvarpur'),
(7, 'Sylhet', 63, 'Sunamganj', 486, 'Chhatak'),
(7, 'Sylhet', 63, 'Sunamganj', 487, 'Derai'),
(7, 'Sylhet', 63, 'Sunamganj', 488, 'Dharampasha'),
(7, 'Sylhet', 63, 'Sunamganj', 489, 'Dowarabazar'),
(7, 'Sylhet', 63, 'Sunamganj', 490, 'Jagannathpur'),
(7, 'Sylhet', 63, 'Sunamganj', 491, 'Jamalganj'),
(7, 'Sylhet', 63, 'Sunamganj', 492, 'Sullah'),
(7, 'Sylhet', 63, 'Sunamganj', 493, 'Sunamganj'),
(7, 'Sylhet', 63, 'Sunamganj', 494, 'Tahirpur'),
(7, 'Sylhet', 63, 'Sunamganj', 495, 'South'),
(7, 'Sylhet', 64, 'Sylhet', 496, 'Balaganj'),
(7, 'Sylhet', 64, 'Sylhet', 497, 'Beanibazar'),
(7, 'Sylhet', 64, 'Sylhet', 498, 'Bishwanath'),
(7, 'Sylhet', 64, 'Sylhet', 499, 'Companigonj'),
(7, 'Sylhet', 64, 'Sylhet', 500, 'Fenchuganj'),
(7, 'Sylhet', 64, 'Sylhet', 501, 'Golapganj'),
(7, 'Sylhet', 64, 'Sylhet', 502, 'Gowainghat'),
(7, 'Sylhet', 64, 'Sylhet', 503, 'Jaintiapur'),
(7, 'Sylhet', 64, 'Sylhet', 504, 'Kanaighat'),
(7, 'Sylhet', 64, 'Sylhet', 505, 'Sylhet'),
(7, 'Sylhet', 64, 'Sylhet', 506, 'Zakiganj'),
(7, 'Sylhet', 64, 'Sylhet', 507, 'South');

-- --------------------------------------------------------

--
-- Table structure for table `employee`
--

CREATE TABLE IF NOT EXISTS `employee` (
  `id` int(11) NOT NULL AUTO_INCREMENT,
  `employee_name` varchar(80) NOT NULL,
  `employee_short_name` varchar(50) NOT NULL,
  `employee_address` varchar(200) NOT NULL,
  `designation_id` int(10) NOT NULL,
  `department_id` int(10) NOT NULL,
  `company_id` int(10) NOT NULL,
  `username` varchar(50) DEFAULT NULL,
  `password` varchar(50) DEFAULT NULL,
  `user_type` varchar(15) DEFAULT NULL,
  `email_address` varchar(50) DEFAULT NULL,
  `active_inactive` varchar(10) NOT NULL,
  `create_date` datetime DEFAULT CURRENT_TIMESTAMP,
  `create_by` int(11) DEFAULT NULL,
  `update_date` datetime DEFAULT CURRENT_TIMESTAMP,
  `update_by` int(11) DEFAULT NULL,
  PRIMARY KEY (`id`)
) ENGINE=InnoDB  DEFAULT CHARSET=latin1 AUTO_INCREMENT=104 ;

--
-- Dumping data for table `employee`
--

INSERT INTO `employee` (`id`, `employee_name`, `employee_short_name`, `employee_address`, `designation_id`, `department_id`, `company_id`, `username`, `password`, `user_type`, `email_address`, `active_inactive`, `create_date`, `create_by`, `update_date`, `update_by`) VALUES
(8, 'Rezaul Karim', 'Reza', 'Dhaka', 6, 11, 0, 'admin', '202cb962ac59075b964b07152d234b70', 'Admin', NULL, '', NULL, NULL, NULL, NULL),
(102, 'Aparna Saha', 'Aparna', '53,Mohakhali C/A.Dhaka-1212', 17, 11, 0, 'saharainandini', '6951b41c4fc272ad2950c93e3c426298', 'Admin', 'aparnasahapa25@gmail.com', '', NULL, NULL, NULL, NULL),
(103, 'Ahmedur Rahman', 'Ahmedur Rahman', '47, Mohakhali, Dhaka C/A.', 1, 9, 0, '0', 'd41d8cd98f00b204e9800998ecf8427e', 'Admin', 'ahmedurrahim@gmail.com', '', NULL, NULL, NULL, NULL);

-- --------------------------------------------------------

--
-- Table structure for table `entity_type`
--

CREATE TABLE IF NOT EXISTS `entity_type` (
  `entity_type_id` int(11) NOT NULL,
  `entity_type` varchar(100) NOT NULL
) ENGINE=InnoDB DEFAULT CHARSET=latin1;

-- --------------------------------------------------------

--
-- Table structure for table `farzul 2`
--

CREATE TABLE IF NOT EXISTS `farzul 2` (
  `designation` text
) ENGINE=InnoDB DEFAULT CHARSET=latin1;

--
-- Dumping data for table `farzul 2`
--

INSERT INTO `farzul 2` (`designation`) VALUES
(',,,,,'),
('JV. Officer,,,,,'),
('Assistant Manager,,,,,'),
('Assistant Manager,,,,,'),
('Assistant Manager,,,,,'),
('Assistant Manager,,,,,'),
('Sr. vice president,,,,,'),
('JV. Officer,,,,,'),
('Assistant Manager,,,,,'),
('Assistant Manager,,,,,'),
('JV. Officer,,,,,'),
('Manager,,,,,'),
('Assistant Manager,,,,,'),
('Assistant Manager,,,,,'),
(',,,,,'),
('Manager,,,,,'),
(',,,,,'),
(',,,,,'),
(',,,,,'),
(',,,,,'),
(',,,,,'),
(',,,,,'),
(',,,,,'),
(',,,,,'),
(',,,,,'),
(',,,,,'),
(',,,,,'),
(',,,,,'),
(',,,,,');

-- --------------------------------------------------------

--
-- Table structure for table `grademarks`
--

CREATE TABLE IF NOT EXISTS `grademarks` (
  `id` int(10) NOT NULL AUTO_INCREMENT,
  `grade` varchar(20) DEFAULT NULL,
  `marks` varchar(20) DEFAULT NULL,
  `create_date` datetime DEFAULT CURRENT_TIMESTAMP,
  `create_by` int(11) DEFAULT NULL,
  `update_date` datetime DEFAULT CURRENT_TIMESTAMP,
  `update_by` int(11) DEFAULT NULL,
  PRIMARY KEY (`id`)
) ENGINE=InnoDB  DEFAULT CHARSET=latin1 AUTO_INCREMENT=3 ;

--
-- Dumping data for table `grademarks`
--

INSERT INTO `grademarks` (`id`, `grade`, `marks`, `create_date`, `create_by`, `update_date`, `update_by`) VALUES
(1, 'A', '70-79', NULL, NULL, NULL, NULL),
(2, 'Agrad', '60-706', NULL, NULL, NULL, NULL);

-- --------------------------------------------------------

--
-- Table structure for table `organization`
--

CREATE TABLE IF NOT EXISTS `organization` (
  `id` int(10) NOT NULL AUTO_INCREMENT,
  `organization_name` varchar(100) DEFAULT NULL,
  `organization_short_name` varchar(50) DEFAULT NULL,
  `address` varchar(200) DEFAULT NULL,
  `organization_group` varchar(5) DEFAULT NULL COMMENT '1-Insurance,2-University',
  `create_date` datetime DEFAULT CURRENT_TIMESTAMP,
  `create_by` int(11) DEFAULT NULL,
  `update_date` datetime DEFAULT CURRENT_TIMESTAMP,
  `update_by` int(11) DEFAULT NULL,
  PRIMARY KEY (`id`)
) ENGINE=InnoDB  DEFAULT CHARSET=latin1 AUTO_INCREMENT=13 ;

--
-- Dumping data for table `organization`
--

INSERT INTO `organization` (`id`, `organization_name`, `organization_short_name`, `address`, `organization_group`, `create_date`, `create_by`, `update_date`, `update_by`) VALUES
(3, 'Organization', 'O', 'Dhaka', '1', NULL, NULL, NULL, NULL),
(4, 'Self', 'Self', '', '1', NULL, NULL, NULL, NULL),
(6, 'testparticipant', NULL, NULL, '1', NULL, NULL, NULL, NULL),
(7, 'test2participant', NULL, NULL, '1', NULL, NULL, NULL, NULL),
(8, ' ', NULL, NULL, '1', NULL, NULL, NULL, NULL),
(9, 'kkkk', NULL, NULL, '1', '2016-04-22 14:23:44', NULL, '2016-04-22 14:23:44', NULL),
(10, 'university', 'university', NULL, '2', '2016-04-22 19:36:50', NULL, '2016-04-22 19:36:50', NULL),
(11, 'myortest', NULL, NULL, '1', '2016-04-22 19:51:45', NULL, '2016-04-22 19:51:45', NULL),
(12, 'insuarance academyu', '', 'dsfs', '1', '2016-04-22 19:56:18', NULL, '2016-04-22 19:56:18', NULL);

-- --------------------------------------------------------

--
-- Table structure for table `result`
--

CREATE TABLE IF NOT EXISTS `result` (
  `id` int(11) NOT NULL AUTO_INCREMENT,
  `student_registration_no` int(11) DEFAULT NULL,
  `session_month` varchar(20) DEFAULT NULL,
  `session_year` varchar(4) DEFAULT NULL,
  `session_month_year` varchar(24) DEFAULT NULL,
  `session_month_year_course_subject` varchar(50) DEFAULT NULL,
  `course_id` int(11) DEFAULT NULL,
  `subject_id` int(11) DEFAULT NULL,
  `grade` int(11) DEFAULT NULL,
  `marks` double DEFAULT NULL,
  `subjectmarks` double DEFAULT NULL,
  `finalmarks` double DEFAULT NULL,
  `result_date` varchar(20) DEFAULT NULL,
  `remarks` varchar(200) DEFAULT NULL,
  `create_date` datetime DEFAULT CURRENT_TIMESTAMP,
  `create_by` int(11) DEFAULT NULL,
  `update_date` datetime DEFAULT CURRENT_TIMESTAMP,
  `update_by` int(11) DEFAULT NULL,
  PRIMARY KEY (`id`)
) ENGINE=InnoDB  DEFAULT CHARSET=latin1 AUTO_INCREMENT=90 ;

--
-- Dumping data for table `result`
--

INSERT INTO `result` (`id`, `student_registration_no`, `session_month`, `session_year`, `session_month_year`, `session_month_year_course_subject`, `course_id`, `subject_id`, `grade`, `marks`, `subjectmarks`, `finalmarks`, `result_date`, `remarks`, `create_date`, `create_by`, `update_date`, `update_by`) VALUES
(57, 20, 'May', '2015', 'May-2015', 'May201524', 2, 4, NULL, 35.23, NULL, NULL, NULL, '0', NULL, NULL, NULL, NULL),
(58, 5, 'May', '2015', 'May-2015', 'May201524', 2, 4, NULL, 2.56, NULL, NULL, NULL, '0', NULL, NULL, NULL, NULL),
(59, 1, 'May', '2015', 'May-2015', 'May201524', 2, 4, NULL, 25.3, NULL, NULL, NULL, '0', NULL, NULL, NULL, NULL),
(60, 20, 'May', '2015', 'May-2015', 'May201526', 2, 6, NULL, 56.3, NULL, NULL, NULL, '0', NULL, NULL, NULL, NULL),
(61, 5, 'May', '2015', 'May-2015', 'May201526', 2, 6, NULL, 45.26, NULL, NULL, NULL, '0', NULL, NULL, NULL, NULL),
(62, 1, 'May', '2015', 'May-2015', 'May201526', 2, 6, NULL, 53, NULL, NULL, NULL, '0', NULL, NULL, NULL, NULL),
(63, 20, 'May', '2015', 'May-2015', 'May201527', 2, 7, NULL, 25.36, NULL, NULL, NULL, '0', NULL, NULL, NULL, NULL),
(64, 5, 'May', '2015', 'May-2015', 'May201527', 2, 7, NULL, 65, NULL, NULL, NULL, '0', NULL, NULL, NULL, NULL),
(65, 1, 'May', '2015', 'May-2015', 'May201527', 2, 7, NULL, 24, NULL, NULL, NULL, '0', NULL, NULL, NULL, NULL),
(66, 20, 'May', '2015', 'May-2015', 'May201528', 2, 8, NULL, 42, NULL, NULL, NULL, '0', NULL, NULL, NULL, NULL),
(67, 5, 'May', '2015', 'May-2015', 'May201528', 2, 8, NULL, 23, NULL, NULL, NULL, '0', NULL, NULL, NULL, NULL),
(68, 1, 'May', '2015', 'May-2015', 'May201528', 2, 8, NULL, 65, NULL, NULL, NULL, '0', NULL, NULL, NULL, NULL),
(69, 20, 'May', '2015', 'May-2015', 'May201529', 2, 9, NULL, 12, NULL, NULL, NULL, '0', NULL, NULL, NULL, NULL),
(70, 5, 'May', '2015', 'May-2015', 'May201529', 2, 9, NULL, 25, NULL, NULL, NULL, '0', NULL, NULL, NULL, NULL),
(71, 1, 'May', '2015', 'May-2015', 'May201529', 2, 9, NULL, 56, NULL, NULL, NULL, '0', NULL, NULL, NULL, NULL),
(72, 1, 'May', '2016', 'May-2016', 'May2016415', 4, 15, NULL, 25, NULL, NULL, NULL, '0', NULL, NULL, NULL, NULL),
(73, 5, 'May', '2016', 'May-2016', 'May2016415', 4, 15, NULL, 26, NULL, NULL, NULL, '0', NULL, NULL, NULL, NULL),
(74, 1, 'May', '2016', 'May-2016', 'May2016416', 4, 16, NULL, 14, NULL, NULL, NULL, '0', NULL, NULL, NULL, NULL),
(75, 5, 'May', '2016', 'May-2016', 'May2016416', 4, 16, NULL, 23, NULL, NULL, NULL, '0', NULL, NULL, NULL, NULL),
(76, 20, 'May', '2016', 'May-2016', 'May2016416', 4, 16, NULL, 59, NULL, NULL, NULL, '0', NULL, NULL, NULL, NULL),
(77, 1, 'May', '2016', 'May-2016', 'May2016510', 5, 10, NULL, 29, NULL, NULL, NULL, '0', NULL, NULL, NULL, NULL),
(78, 20, 'May', '2016', 'May-2016', 'May2016510', 5, 10, NULL, 34, NULL, NULL, NULL, '0', NULL, NULL, NULL, NULL),
(79, 5, 'May', '2016', 'May-2016', 'May2016510', 5, 10, NULL, 42, NULL, NULL, NULL, '0', NULL, NULL, NULL, NULL),
(80, 1, 'May', '2016', 'May-2016', 'May2016511', 5, 11, NULL, 24, NULL, NULL, NULL, '0', NULL, NULL, NULL, NULL),
(81, 20, 'May', '2016', 'May-2016', 'May2016511', 5, 11, NULL, 41, NULL, NULL, NULL, '0', NULL, NULL, NULL, NULL),
(82, 5, 'May', '2016', 'May-2016', 'May2016511', 5, 11, NULL, 56, NULL, NULL, NULL, '0', NULL, NULL, NULL, NULL),
(83, 1, 'May', '2016', 'May-2016', 'May2016512', 5, 12, NULL, 20, NULL, NULL, NULL, '0', NULL, NULL, NULL, NULL),
(84, 20, 'May', '2016', 'May-2016', 'May2016512', 5, 12, NULL, 56, NULL, NULL, NULL, '0', NULL, NULL, NULL, NULL),
(85, 5, 'May', '2016', 'May-2016', 'May2016512', 5, 12, NULL, 21, NULL, NULL, NULL, '0', NULL, NULL, NULL, NULL),
(88, 0, NULL, NULL, NULL, NULL, NULL, NULL, NULL, NULL, 0, 0, NULL, '0', NULL, NULL, NULL, NULL),
(89, 1, 'May', '2016', 'May-2016', 'May201624', 2, 4, NULL, 20, NULL, NULL, NULL, '0', NULL, NULL, NULL, NULL);

-- --------------------------------------------------------

--
-- Table structure for table `session`
--

CREATE TABLE IF NOT EXISTS `session` (
  `id` int(11) NOT NULL AUTO_INCREMENT,
  `session_name` varchar(50) DEFAULT NULL,
  `create_date` datetime DEFAULT CURRENT_TIMESTAMP,
  `create_by` int(11) DEFAULT NULL,
  `update_date` datetime DEFAULT CURRENT_TIMESTAMP,
  `update_by` int(11) DEFAULT NULL,
  PRIMARY KEY (`id`)
) ENGINE=InnoDB  DEFAULT CHARSET=latin1 AUTO_INCREMENT=6 ;

--
-- Dumping data for table `session`
--

INSERT INTO `session` (`id`, `session_name`, `create_date`, `create_by`, `update_date`, `update_by`) VALUES
(1, 'May_2016', NULL, NULL, NULL, NULL),
(2, 'Oct_2016', NULL, NULL, NULL, NULL),
(5, 'May_2018', NULL, NULL, NULL, NULL);

-- --------------------------------------------------------

--
-- Table structure for table `student`
--

CREATE TABLE IF NOT EXISTS `student` (
  `id` int(10) NOT NULL AUTO_INCREMENT,
  `registration_no` bigint(20) NOT NULL,
  `student_name` varchar(100) DEFAULT NULL,
  `designation_id` int(11) DEFAULT NULL,
  `father_name` varchar(100) DEFAULT NULL,
  `mother_name` varchar(100) DEFAULT NULL,
  `present_address_village` varchar(200) DEFAULT NULL,
  `present_address_district_code` varchar(50) DEFAULT NULL,
  `present_address_upzilla_code` varchar(10) DEFAULT NULL,
  `present_address_post_office` varchar(100) DEFAULT NULL,
  `present_address_post_code` varchar(20) DEFAULT NULL,
  `permanent_address_village` varchar(200) DEFAULT NULL,
  `permanent_address_district_code` int(11) DEFAULT NULL,
  `permanent_address_upzilla_code` int(4) DEFAULT NULL,
  `permanent_address_post_office` varchar(100) DEFAULT NULL,
  `permanent_address_post_code` varchar(20) DEFAULT NULL,
  `date_of_birth` varchar(20) DEFAULT NULL,
  `contact_no` varchar(50) DEFAULT NULL,
  `blood_group` varchar(6) DEFAULT NULL,
  `emergency_contact_no` varchar(50) DEFAULT NULL,
  `emergency_contact_name` varchar(100) DEFAULT NULL,
  `mobile_no` varchar(50) DEFAULT NULL,
  `email` varchar(50) DEFAULT NULL,
  `gender` varchar(10) DEFAULT NULL,
  `religion` varchar(50) DEFAULT NULL,
  `marital_status` varchar(10) DEFAULT NULL,
  `country` varchar(50) DEFAULT NULL,
  `nationality` varchar(50) DEFAULT NULL,
  `nationalid` varchar(30) DEFAULT NULL,
  `session_id` int(11) DEFAULT NULL,
  `session_month` varchar(20) DEFAULT NULL,
  `session_year` varchar(4) DEFAULT NULL,
  `session_month_year` varchar(24) DEFAULT NULL,
  `course_id` int(10) DEFAULT NULL,
  `organization_id` int(10) DEFAULT NULL,
  `self_organization` varchar(200) DEFAULT NULL,
  `current_employeement` varchar(200) DEFAULT NULL,
  `current_employeement_address` varchar(200) DEFAULT NULL,
  `ssc_examination` varchar(100) DEFAULT NULL,
  `ssc_board` varchar(100) DEFAULT NULL,
  `ssc_rollno` varchar(50) DEFAULT NULL,
  `ssc_result` varchar(50) DEFAULT NULL,
  `ssc_result_point` varchar(20) DEFAULT NULL,
  `ssc_group` varchar(50) DEFAULT NULL,
  `ssc_passing_year` varchar(50) DEFAULT NULL,
  `hsc_examination` varchar(100) DEFAULT NULL,
  `hsc_board` varchar(100) DEFAULT NULL,
  `hsc_rollno` varchar(50) DEFAULT NULL,
  `hsc_result` varchar(50) DEFAULT NULL,
  `hsc_result_point` varchar(50) DEFAULT NULL,
  `hsc_group` varchar(50) DEFAULT NULL,
  `hsc_passing_year` varchar(50) DEFAULT NULL,
  `graduation_examination` varchar(100) DEFAULT NULL,
  `graduation_subject` varchar(100) DEFAULT NULL,
  `graduation_university` varchar(100) DEFAULT NULL,
  `graduation_result` varchar(100) DEFAULT NULL,
  `graduation_passing_year` varchar(100) DEFAULT NULL,
  `graduation_course_duration` varchar(100) DEFAULT NULL,
  `graduation_result_point` varchar(20) DEFAULT NULL,
  `masters_examination` varchar(100) DEFAULT NULL,
  `masters_subject` varchar(100) DEFAULT NULL,
  `masters_university` varchar(100) DEFAULT NULL,
  `masters_result` varchar(100) DEFAULT NULL,
  `masters_passing_year` varchar(100) DEFAULT NULL,
  `masters_course_duration` varchar(100) DEFAULT NULL,
  `masters_result_point` varchar(20) DEFAULT NULL,
  `mphil_phd_examination` varchar(100) DEFAULT NULL,
  `mphil_phd_subject` varchar(100) DEFAULT NULL,
  `mphil_phd_university` varchar(100) DEFAULT NULL,
  `mphil_phd_result` varchar(100) DEFAULT NULL,
  `mphil_phd_passing_year` varchar(100) DEFAULT NULL,
  `mphil_phd_course_duration` varchar(100) DEFAULT NULL,
  `mphil_phd_result_point` int(20) DEFAULT NULL,
  `professional_qualification` varchar(300) DEFAULT NULL,
  `total_experience` int(10) DEFAULT NULL,
  `registration_fee` double DEFAULT NULL,
  `membership_fee` double DEFAULT NULL,
  `counseling_fee` double DEFAULT NULL,
  `picture_path` varchar(100) DEFAULT NULL,
  `remarks` varchar(200) DEFAULT NULL,
  `defaults` varchar(10) DEFAULT NULL,
  `student_type` int(2) DEFAULT NULL COMMENT '1-new,2-old',
  `registriation_status` int(1) DEFAULT NULL,
  `approved_status` int(1) DEFAULT NULL,
  `readonly_status` int(1) DEFAULT NULL,
  `create_date` datetime DEFAULT CURRENT_TIMESTAMP,
  `create_by` int(11) DEFAULT NULL,
  `update_date` datetime DEFAULT NULL,
  `update_by` int(11) DEFAULT NULL,
  PRIMARY KEY (`id`)
) ENGINE=InnoDB  DEFAULT CHARSET=latin1 AUTO_INCREMENT=98 ;

--
-- Dumping data for table `student`
--

INSERT INTO `student` (`id`, `registration_no`, `student_name`, `designation_id`, `father_name`, `mother_name`, `present_address_village`, `present_address_district_code`, `present_address_upzilla_code`, `present_address_post_office`, `present_address_post_code`, `permanent_address_village`, `permanent_address_district_code`, `permanent_address_upzilla_code`, `permanent_address_post_office`, `permanent_address_post_code`, `date_of_birth`, `contact_no`, `blood_group`, `emergency_contact_no`, `emergency_contact_name`, `mobile_no`, `email`, `gender`, `religion`, `marital_status`, `country`, `nationality`, `nationalid`, `session_id`, `session_month`, `session_year`, `session_month_year`, `course_id`, `organization_id`, `self_organization`, `current_employeement`, `current_employeement_address`, `ssc_examination`, `ssc_board`, `ssc_rollno`, `ssc_result`, `ssc_result_point`, `ssc_group`, `ssc_passing_year`, `hsc_examination`, `hsc_board`, `hsc_rollno`, `hsc_result`, `hsc_result_point`, `hsc_group`, `hsc_passing_year`, `graduation_examination`, `graduation_subject`, `graduation_university`, `graduation_result`, `graduation_passing_year`, `graduation_course_duration`, `graduation_result_point`, `masters_examination`, `masters_subject`, `masters_university`, `masters_result`, `masters_passing_year`, `masters_course_duration`, `masters_result_point`, `mphil_phd_examination`, `mphil_phd_subject`, `mphil_phd_university`, `mphil_phd_result`, `mphil_phd_passing_year`, `mphil_phd_course_duration`, `mphil_phd_result_point`, `professional_qualification`, `total_experience`, `registration_fee`, `membership_fee`, `counseling_fee`, `picture_path`, `remarks`, `defaults`, `student_type`, `registriation_status`, `approved_status`, `readonly_status`, `create_date`, `create_by`, `update_date`, `update_by`) VALUES
(97, 20161003003, 'part1', 1, 'father1', 'mother1', 'dhaka', '47', '371', 'dskfdskfk', '32423', 'Dhaka', 48, 378, 'dsdsdsf', '234234', '22/04/2016', '0', 'B+', 'dsfdss', 'sdfdsf', '123554', 'mdrkreza@gmail.com', 'Female', 'Hindu', 'Married', 'Bangladesh', 'Bangladeshi', '41256325', 0, 'Oct', '2016', 'Oct-2016', 5, 11, 'ReK Tech', 'dsfdsf', 'ddsfdsf', '1', '3', '234234', '1', '2.4', '1', '1982', '1', '5', '444', '1', '0', '1', '1999', '1', '', '', '2', '44545', '01', '2.6', '3', '', '', '3', '19281', '03', '2.5', '4', '', '', '3', '1926', '03', 0, NULL, 12, 100, NULL, NULL, 'bialogo2.png', NULL, NULL, 1, 1, 0, 0, '2016-04-22 11:56:12', NULL, '2016-04-25 00:00:00', 72);

-- --------------------------------------------------------

--
-- Table structure for table `subject`
--

CREATE TABLE IF NOT EXISTS `subject` (
  `id` int(11) NOT NULL AUTO_INCREMENT,
  `subject` varchar(100) NOT NULL,
  `subject_short_name` varchar(50) DEFAULT NULL,
  `course_id` int(11) NOT NULL,
  `subject_group` varchar(10) DEFAULT NULL COMMENT '1-insurance, 2-University, 3-Others',
  `subject_code` int(4) DEFAULT NULL,
  `create_date` datetime DEFAULT CURRENT_TIMESTAMP,
  `create_by` int(11) DEFAULT NULL,
  `update_date` datetime DEFAULT CURRENT_TIMESTAMP,
  `update_by` int(11) DEFAULT NULL,
  PRIMARY KEY (`id`)
) ENGINE=InnoDB  DEFAULT CHARSET=latin1 AUTO_INCREMENT=182 ;

--
-- Dumping data for table `subject`
--

INSERT INTO `subject` (`id`, `subject`, `subject_short_name`, `course_id`, `subject_group`, `subject_code`, `create_date`, `create_by`, `update_date`, `update_by`) VALUES
(4, 'Risk & Insurance', 'BIA-1', 2, '1', NULL, NULL, NULL, NULL, NULL),
(6, 'Company And Contract Law And Their Application to  Insurance', 'BIA-2', 2, '1', NULL, NULL, NULL, NULL, NULL),
(7, 'Insurance of The Person', 'BIA-3', 2, '1', NULL, NULL, NULL, NULL, NULL),
(8, 'Property & Pecuniary Insurance', 'BIA-4', 2, '1', NULL, NULL, NULL, NULL, NULL),
(9, 'Business Environment', 'BIA-5', 2, '1', NULL, NULL, NULL, NULL, NULL),
(10, 'Life Assurance Practice and Administration', 'BIA-6', 5, '1', NULL, NULL, NULL, NULL, NULL),
(11, 'Life Assurance Law And Taxation', 'BIA-7', 5, '1', NULL, NULL, NULL, NULL, NULL),
(12, 'Mathmetical Basis of Life Assuance', 'BIA-8', 5, '1', NULL, NULL, NULL, NULL, NULL),
(13, 'Financial Aspects of Long-term Business', 'BIA-9', 5, '1', NULL, NULL, NULL, NULL, NULL),
(15, 'Marine Insurance Principles & Practice', 'BIA-10', 4, '1', NULL, NULL, NULL, NULL, NULL),
(16, 'Fire Insurance Law & Claims', 'BIA-11', 4, '1', NULL, NULL, NULL, NULL, NULL),
(17, 'Marine Insurance Law & Claims', 'BIA-12', 4, '1', NULL, NULL, NULL, NULL, NULL),
(18, 'Accident Insurance Law & Claims', 'BIA-13', 4, '1', NULL, NULL, NULL, NULL, NULL),
(19, 'Engineering Insurance Law & Claims', 'BIA-14(life)', 5, '1', NULL, NULL, NULL, NULL, NULL),
(20, 'Principle & Practice of Management in Insurance', 'BIA-14(general)', 4, '1', NULL, NULL, NULL, NULL, NULL),
(21, 'Business Communication', 'BIA-15(life)', 5, '1', NULL, NULL, NULL, NULL, NULL),
(22, 'BIA-15(general)', 'BIA-15(general)', 4, '1', NULL, NULL, NULL, NULL, NULL),
(23, 'Accounting ', 'Accounting ', 0, '2', 101, '2016-04-22 18:54:52', NULL, '2016-04-22 18:54:52', NULL),
(24, 'Anthropology ', 'Anthropology ', 0, '2', 102, '2016-04-22 18:54:52', NULL, '2016-04-22 18:54:52', NULL),
(25, 'Applied Chemistry ', 'Applied Chemistry ', 0, '2', 103, '2016-04-22 18:54:52', NULL, '2016-04-22 18:54:52', NULL),
(26, 'Applied Physics ', 'Applied Physics ', 0, '2', 104, '2016-04-22 18:54:52', NULL, '2016-04-22 18:54:52', NULL),
(27, 'Applied Mathematics ', 'Applied Mathematics ', 0, '2', 105, '2016-04-22 18:54:52', NULL, '2016-04-22 18:54:52', NULL),
(28, 'Arabic ', 'Arabic ', 0, '2', 106, '2016-04-22 18:54:52', NULL, '2016-04-22 18:54:52', NULL),
(29, 'Archaeology ', 'Archaeology ', 0, '2', 107, '2016-04-22 18:54:52', NULL, '2016-04-22 18:54:52', NULL),
(30, 'Bangla ', 'Bangla ', 0, '2', 108, '2016-04-22 18:54:52', NULL, '2016-04-22 18:54:52', NULL),
(31, 'Banking ', 'Banking ', 0, '2', 109, '2016-04-22 18:54:52', NULL, '2016-04-22 18:54:52', NULL),
(32, 'Biochemistry ', 'Biochemistry ', 0, '2', 110, '2016-04-22 18:54:52', NULL, '2016-04-22 18:54:52', NULL),
(33, 'Botany ', 'Botany ', 0, '2', 111, '2016-04-22 18:54:52', NULL, '2016-04-22 18:54:52', NULL),
(34, 'Business Administration ', 'Business Administration ', 0, '2', 112, '2016-04-22 18:54:52', NULL, '2016-04-22 18:54:52', NULL),
(35, 'Chemistry ', 'Chemistry ', 0, '2', 113, '2016-04-22 18:54:52', NULL, '2016-04-22 18:54:52', NULL),
(36, 'Computer Science ', 'Computer Science ', 0, '2', 114, '2016-04-22 18:54:52', NULL, '2016-04-22 18:54:52', NULL),
(37, 'Clinical Psychology ', 'Clinical Psychology ', 0, '2', 115, '2016-04-22 18:54:52', NULL, '2016-04-22 18:54:52', NULL),
(38, 'Drama & Music ', 'Drama & Music ', 0, '2', 116, '2016-04-22 18:54:52', NULL, '2016-04-22 18:54:52', NULL),
(39, 'Development Studies ', 'Development Studies ', 0, '2', 117, '2016-04-22 18:54:52', NULL, '2016-04-22 18:54:52', NULL),
(40, 'Economics ', 'Economics ', 0, '2', 118, '2016-04-22 18:54:52', NULL, '2016-04-22 18:54:52', NULL),
(41, 'Education ', 'Education ', 0, '2', 119, '2016-04-22 18:54:52', NULL, '2016-04-22 18:54:52', NULL),
(42, 'English ', 'English ', 0, '2', 120, '2016-04-22 18:54:52', NULL, '2016-04-22 18:54:52', NULL),
(43, 'Finance ', 'Finance ', 0, '2', 121, '2016-04-22 18:54:52', NULL, '2016-04-22 18:54:52', NULL),
(44, 'Fine Arts ', 'Fine Arts ', 0, '2', 122, '2016-04-22 18:54:52', NULL, '2016-04-22 18:54:52', NULL),
(45, 'Folklore ', 'Folklore ', 0, '2', 123, '2016-04-22 18:54:52', NULL, '2016-04-22 18:54:52', NULL),
(46, 'Geography ', 'Geography ', 0, '2', 124, '2016-04-22 18:54:52', NULL, '2016-04-22 18:54:52', NULL),
(47, 'Geology ', 'Geology ', 0, '2', 125, '2016-04-22 18:54:52', NULL, '2016-04-22 18:54:52', NULL),
(48, 'History ', 'History ', 0, '2', 126, '2016-04-22 18:54:52', NULL, '2016-04-22 18:54:52', NULL),
(49, 'Home Economics ', 'Home Economics ', 0, '2', 127, '2016-04-22 18:54:52', NULL, '2016-04-22 18:54:52', NULL),
(50, 'Hadith ', 'Hadith ', 0, '2', 128, '2016-04-22 18:54:52', NULL, '2016-04-22 18:54:52', NULL),
(51, 'International Relations ', 'International Relations ', 0, '2', 129, '2016-04-22 18:54:52', NULL, '2016-04-22 18:54:52', NULL),
(52, 'Islamic History and Culture ', 'Islamic History and Culture ', 0, '2', 130, '2016-04-22 18:54:52', NULL, '2016-04-22 18:54:52', NULL),
(53, 'Islamic Studies ', 'Islamic Studies ', 0, '2', 131, '2016-04-22 18:54:52', NULL, '2016-04-22 18:54:52', NULL),
(54, 'Information Com. Tech. (ICT) ', 'Information Com. Tech. (ICT) ', 0, '2', 132, '2016-04-22 18:54:52', NULL, '2016-04-22 18:54:52', NULL),
(55, 'Mass Comm. & Journalism ', 'Mass Comm. & Journalism ', 0, '2', 133, '2016-04-22 18:54:52', NULL, '2016-04-22 18:54:52', NULL),
(56, 'Law/Jurisprudence ', 'Law/Jurisprudence ', 0, '2', 134, '2016-04-22 18:54:52', NULL, '2016-04-22 18:54:52', NULL),
(57, 'Library & Information Science ', 'Library & Information Science ', 0, '2', 135, '2016-04-22 18:54:52', NULL, '2016-04-22 18:54:52', NULL),
(58, 'Language/Linguistic ', 'Language/Linguistic ', 0, '2', 136, '2016-04-22 18:54:52', NULL, '2016-04-22 18:54:52', NULL),
(59, 'Management ', 'Management ', 0, '2', 137, '2016-04-22 18:54:52', NULL, '2016-04-22 18:54:52', NULL),
(60, 'Marketing ', 'Marketing ', 0, '2', 138, '2016-04-22 18:54:52', NULL, '2016-04-22 18:54:52', NULL),
(61, 'Mathematics ', 'Mathematics ', 0, '2', 139, '2016-04-22 18:54:52', NULL, '2016-04-22 18:54:52', NULL),
(62, 'Microbiology ', 'Microbiology ', 0, '2', 140, '2016-04-22 18:54:52', NULL, '2016-04-22 18:54:52', NULL),
(63, 'Marine Science ', 'Marine Science ', 0, '2', 141, '2016-04-22 18:54:52', NULL, '2016-04-22 18:54:52', NULL),
(64, 'Medical Technology ', 'Medical Technology ', 0, '2', 142, '2016-04-22 18:54:52', NULL, '2016-04-22 18:54:52', NULL),
(65, 'Pali ', 'Pali ', 0, '2', 143, '2016-04-22 18:54:52', NULL, '2016-04-22 18:54:52', NULL),
(66, 'Persian ', 'Persian ', 0, '2', 144, '2016-04-22 18:54:52', NULL, '2016-04-22 18:54:52', NULL),
(67, 'Pharmacy ', 'Pharmacy ', 0, '2', 145, '2016-04-22 18:54:52', NULL, '2016-04-22 18:54:52', NULL),
(68, 'Philosophy ', 'Philosophy ', 0, '2', 146, '2016-04-22 18:54:52', NULL, '2016-04-22 18:54:52', NULL),
(69, 'Physics ', 'Physics ', 0, '2', 147, '2016-04-22 18:54:52', NULL, '2016-04-22 18:54:52', NULL),
(70, 'Political Science/Govt. and Politics ', 'Political Science/Govt. and Politics ', 0, '2', 148, '2016-04-22 18:54:52', NULL, '2016-04-22 18:54:52', NULL),
(71, 'Psychology ', 'Psychology ', 0, '2', 149, '2016-04-22 18:54:52', NULL, '2016-04-22 18:54:52', NULL),
(72, 'Public Administration ', 'Public Administration ', 0, '2', 150, '2016-04-22 18:54:52', NULL, '2016-04-22 18:54:52', NULL),
(73, 'Public Finance ', 'Public Finance ', 0, '2', 151, '2016-04-22 18:54:52', NULL, '2016-04-22 18:54:52', NULL),
(74, 'Population Science ', 'Population Science ', 0, '2', 152, '2016-04-22 18:54:52', NULL, '2016-04-22 18:54:52', NULL),
(75, 'Peace & Conflict ', 'Peace & Conflict ', 0, '2', 153, '2016-04-22 18:54:52', NULL, '2016-04-22 18:54:52', NULL),
(76, 'Pharmaceutical Chemistry ', 'Pharmaceutical Chemistry ', 0, '2', 154, '2016-04-22 18:54:52', NULL, '2016-04-22 18:54:52', NULL),
(77, 'Sanskrit ', 'Sanskrit ', 0, '2', 155, '2016-04-22 18:54:52', NULL, '2016-04-22 18:54:52', NULL),
(78, 'Social Welfare/Social Work ', 'Social Welfare/Social Work ', 0, '2', 156, '2016-04-22 18:54:52', NULL, '2016-04-22 18:54:52', NULL),
(79, 'Sociology ', 'Sociology ', 0, '2', 157, '2016-04-22 18:54:52', NULL, '2016-04-22 18:54:52', NULL),
(80, 'Soil Water and Environment Science ', 'Soil Water and Environment Science ', 0, '2', 158, '2016-04-22 18:54:52', NULL, '2016-04-22 18:54:52', NULL),
(81, 'Statistics ', 'Statistics ', 0, '2', 159, '2016-04-22 18:54:52', NULL, '2016-04-22 18:54:52', NULL),
(82, 'Tafsir ', 'Tafsir ', 0, '2', 160, '2016-04-22 18:54:52', NULL, '2016-04-22 18:54:52', NULL),
(83, 'Urdu ', 'Urdu ', 0, '2', 161, '2016-04-22 18:54:52', NULL, '2016-04-22 18:54:52', NULL),
(84, 'Urban Development ', 'Urban Development ', 0, '2', 162, '2016-04-22 18:54:52', NULL, '2016-04-22 18:54:52', NULL),
(85, 'World Religion ', 'World Religion ', 0, '2', 163, '2016-04-22 18:54:52', NULL, '2016-04-22 18:54:52', NULL),
(86, 'Women Studies ', 'Women Studies ', 0, '2', 164, '2016-04-22 18:54:52', NULL, '2016-04-22 18:54:52', NULL),
(87, 'Water & Environment Science ', 'Water & Environment Science ', 0, '2', 165, '2016-04-22 18:54:52', NULL, '2016-04-22 18:54:52', NULL),
(88, 'Zoology ', 'Zoology ', 0, '2', 166, '2016-04-22 18:54:52', NULL, '2016-04-22 18:54:52', NULL),
(89, 'Genetic and Breeding ', 'Genetic and Breeding ', 0, '2', 167, '2016-04-22 18:54:52', NULL, '2016-04-22 18:54:52', NULL),
(90, 'International Law ', 'International Law ', 0, '2', 168, '2016-04-22 18:54:52', NULL, '2016-04-22 18:54:52', NULL),
(91, 'Akaid ', 'Akaid ', 0, '2', 169, '2016-04-22 18:54:52', NULL, '2016-04-22 18:54:52', NULL),
(92, 'Graphics ', 'Graphics ', 0, '2', 170, '2016-04-22 18:54:52', NULL, '2016-04-22 18:54:52', NULL),
(93, 'Fikha ', 'Fikha ', 0, '2', 171, '2016-04-22 18:54:52', NULL, '2016-04-22 18:54:52', NULL),
(94, 'Modern Arabic ', 'Modern Arabic ', 0, '2', 172, '2016-04-22 18:54:52', NULL, '2016-04-22 18:54:52', NULL),
(95, 'History of Music ', 'History of Music ', 0, '2', 173, '2016-04-22 18:54:52', NULL, '2016-04-22 18:54:52', NULL),
(96, 'Drawing and Printing ', 'Drawing and Printing ', 0, '2', 174, '2016-04-22 18:54:52', NULL, '2016-04-22 18:54:52', NULL),
(97, 'Industrial Arts ', 'Industrial Arts ', 0, '2', 175, '2016-04-22 18:54:52', NULL, '2016-04-22 18:54:52', NULL),
(98, 'Ethics ', 'Ethics ', 0, '2', 176, '2016-04-22 18:54:52', NULL, '2016-04-22 18:54:52', NULL),
(99, 'Forestry ', 'Forestry ', 0, '2', 177, '2016-04-22 18:54:52', NULL, '2016-04-22 18:54:52', NULL),
(100, 'Nursery School and Child Development ', 'Nursery School and Child Development ', 0, '2', 178, '2016-04-22 18:54:52', NULL, '2016-04-22 18:54:52', NULL),
(101, 'Child Development ', 'Child Development ', 0, '2', 179, '2016-04-22 18:54:52', NULL, '2016-04-22 18:54:52', NULL),
(102, 'Home Management and Housing ', 'Home Management and Housing ', 0, '2', 180, '2016-04-22 18:54:52', NULL, '2016-04-22 18:54:52', NULL),
(103, 'Food and Nutrition ', 'Food and Nutrition ', 0, '2', 181, '2016-04-22 18:54:52', NULL, '2016-04-22 18:54:52', NULL),
(104, 'Related Art ', 'Related Art ', 0, '2', 182, '2016-04-22 18:54:52', NULL, '2016-04-22 18:54:52', NULL),
(105, 'Clothing & Textile ', 'Clothing & Textile ', 0, '2', 183, '2016-04-22 18:54:52', NULL, '2016-04-22 18:54:52', NULL),
(106, 'Institutinal Food Management ', 'Institutinal Food Management ', 0, '2', 184, '2016-04-22 18:54:52', NULL, '2016-04-22 18:54:52', NULL),
(107, 'Environmental Science ', 'Environmental Science ', 0, '2', 185, '2016-04-22 18:54:52', NULL, '2016-04-22 18:54:52', NULL),
(108, 'Agriculture ', 'Agriculture ', 0, '2', 186, '2016-04-22 18:54:52', NULL, '2016-04-22 18:54:52', NULL),
(109, 'Agriculture Chemistry ', 'Agriculture Chemistry ', 0, '2', 187, '2016-04-22 18:54:52', NULL, '2016-04-22 18:54:52', NULL),
(110, 'Agriculture Co-operatives ', 'Agriculture Co-operatives ', 0, '2', 188, '2016-04-22 18:54:52', NULL, '2016-04-22 18:54:52', NULL),
(111, 'Agriculture Economics ', 'Agriculture Economics ', 0, '2', 189, '2016-04-22 18:54:52', NULL, '2016-04-22 18:54:52', NULL),
(112, 'Agriculture Engineering ', 'Agriculture Engineering ', 0, '2', 190, '2016-04-22 18:54:52', NULL, '2016-04-22 18:54:52', NULL),
(113, 'Agriculture Finance ', 'Agriculture Finance ', 0, '2', 191, '2016-04-22 18:54:52', NULL, '2016-04-22 18:54:52', NULL),
(114, 'Agriculture Marketing ', 'Agriculture Marketing ', 0, '2', 192, '2016-04-22 18:54:52', NULL, '2016-04-22 18:54:52', NULL),
(115, 'Agriculture Science ', 'Agriculture Science ', 0, '2', 193, '2016-04-22 18:54:52', NULL, '2016-04-22 18:54:52', NULL),
(116, 'Agriculture Soil Science ', 'Agriculture Soil Science ', 0, '2', 194, '2016-04-22 18:54:52', NULL, '2016-04-22 18:54:52', NULL),
(117, 'Animal Husbandry ', 'Animal Husbandry ', 0, '2', 195, '2016-04-22 18:54:52', NULL, '2016-04-22 18:54:52', NULL),
(118, 'Agronomy & Aquaculture ', 'Agronomy & Aquaculture ', 0, '2', 196, '2016-04-22 18:54:52', NULL, '2016-04-22 18:54:52', NULL),
(119, 'Agronomy & Aquaculture Extension ', 'Agronomy & Aquaculture Extension ', 0, '2', 197, '2016-04-22 18:54:52', NULL, '2016-04-22 18:54:52', NULL),
(120, 'Anatomy & Histology ', 'Anatomy & Histology ', 0, '2', 198, '2016-04-22 18:54:52', NULL, '2016-04-22 18:54:52', NULL),
(121, 'Agronnomy ', 'Agronnomy ', 0, '2', 199, '2016-04-22 18:54:52', NULL, '2016-04-22 18:54:52', NULL),
(122, 'Anatomology ', 'Anatomology ', 0, '2', 200, '2016-04-22 18:54:52', NULL, '2016-04-22 18:54:52', NULL),
(123, 'Animal Breeding & Genetic ', 'Animal Breeding & Genetic ', 0, '2', 201, '2016-04-22 18:54:52', NULL, '2016-04-22 18:54:52', NULL),
(124, 'Animal Science ', 'Animal Science ', 0, '2', 202, '2016-04-22 18:54:52', NULL, '2016-04-22 18:54:52', NULL),
(125, 'Animal Nutrition ', 'Animal Nutrition ', 0, '2', 203, '2016-04-22 18:54:52', NULL, '2016-04-22 18:54:52', NULL),
(126, 'Agriculture Water Management ', 'Agriculture Water Management ', 0, '2', 204, '2016-04-22 18:54:52', NULL, '2016-04-22 18:54:52', NULL),
(127, 'Agriculture Extension ', 'Agriculture Extension ', 0, '2', 205, '2016-04-22 18:54:52', NULL, '2016-04-22 18:54:52', NULL),
(128, 'Agro Forestry ', 'Agro Forestry ', 0, '2', 206, '2016-04-22 18:54:52', NULL, '2016-04-22 18:54:52', NULL),
(129, 'Agriculture Statistics ', 'Agriculture Statistics ', 0, '2', 207, '2016-04-22 18:54:52', NULL, '2016-04-22 18:54:52', NULL),
(130, 'Agr.Co-operative & Marketing ', 'Agr.Co-operative & Marketing ', 0, '2', 208, '2016-04-22 18:54:52', NULL, '2016-04-22 18:54:52', NULL),
(131, 'Bio-Technology ', 'Bio-Technology ', 0, '2', 209, '2016-04-22 18:54:52', NULL, '2016-04-22 18:54:52', NULL),
(132, 'Corp Botany ', 'Corp Botany ', 0, '2', 210, '2016-04-22 18:54:52', NULL, '2016-04-22 18:54:52', NULL),
(133, 'Dairy Science ', 'Dairy Science ', 0, '2', 211, '2016-04-22 18:54:52', NULL, '2016-04-22 18:54:52', NULL),
(134, 'Doc.of Veterinary Science ', 'Doc.of Veterinary Science ', 0, '2', 212, '2016-04-22 18:54:52', NULL, '2016-04-22 18:54:52', NULL),
(135, 'Fisheries ', 'Fisheries ', 0, '2', 213, '2016-04-22 18:54:52', NULL, '2016-04-22 18:54:52', NULL),
(136, 'Fisheries & Aquaculture ', 'Fisheries & Aquaculture ', 0, '2', 214, '2016-04-22 18:54:52', NULL, '2016-04-22 18:54:52', NULL),
(137, 'Fisheries Biology ', 'Fisheries Biology ', 0, '2', 215, '2016-04-22 18:54:52', NULL, '2016-04-22 18:54:52', NULL),
(138, 'Fisheries Management ', 'Fisheries Management ', 0, '2', 216, '2016-04-22 18:54:52', NULL, '2016-04-22 18:54:52', NULL),
(139, 'Fisheries Technology ', 'Fisheries Technology ', 0, '2', 217, '2016-04-22 18:54:52', NULL, '2016-04-22 18:54:52', NULL),
(140, 'Forestry ', 'Forestry ', 0, '2', 218, '2016-04-22 18:54:52', NULL, '2016-04-22 18:54:52', NULL),
(141, 'Farm Power & Machinery ', 'Farm Power & Machinery ', 0, '2', 219, '2016-04-22 18:54:52', NULL, '2016-04-22 18:54:52', NULL),
(142, 'Food Tech. & Rural Industry ', 'Food Tech. & Rural Industry ', 0, '2', 220, '2016-04-22 18:54:52', NULL, '2016-04-22 18:54:52', NULL),
(143, 'Farm Structure ', 'Farm Structure ', 0, '2', 221, '2016-04-22 18:54:52', NULL, '2016-04-22 18:54:52', NULL),
(144, 'Horticulture ', 'Horticulture ', 0, '2', 222, '2016-04-22 18:54:52', NULL, '2016-04-22 18:54:52', NULL),
(145, 'Livestock ', 'Livestock ', 0, '2', 223, '2016-04-22 18:54:52', NULL, '2016-04-22 18:54:52', NULL),
(146, 'Microbiology & Hygenic ', 'Microbiology & Hygenic ', 0, '2', 224, '2016-04-22 18:54:52', NULL, '2016-04-22 18:54:52', NULL),
(147, 'Production Economics ', 'Production Economics ', 0, '2', 225, '2016-04-22 18:54:52', NULL, '2016-04-22 18:54:52', NULL),
(148, 'Plant Pathology ', 'Plant Pathology ', 0, '2', 226, '2016-04-22 18:54:52', NULL, '2016-04-22 18:54:52', NULL),
(149, 'Paratrology ', 'Paratrology ', 0, '2', 227, '2016-04-22 18:54:52', NULL, '2016-04-22 18:54:52', NULL),
(150, 'Poultry Science ', 'Poultry Science ', 0, '2', 228, '2016-04-22 18:54:52', NULL, '2016-04-22 18:54:52', NULL),
(151, 'Rural Sociology ', 'Rural Sociology ', 0, '2', 229, '2016-04-22 18:54:52', NULL, '2016-04-22 18:54:52', NULL),
(152, 'Surgery & Obstate ', 'Surgery & Obstate ', 0, '2', 230, '2016-04-22 18:54:52', NULL, '2016-04-22 18:54:52', NULL),
(153, 'Architecture ', 'Architecture ', 0, '2', 231, '2016-04-22 18:54:52', NULL, '2016-04-22 18:54:52', NULL),
(154, 'Chemical ', 'Chemical ', 0, '2', 232, '2016-04-22 18:54:52', NULL, '2016-04-22 18:54:52', NULL),
(155, 'Civil ', 'Civil ', 0, '2', 233, '2016-04-22 18:54:52', NULL, '2016-04-22 18:54:52', NULL),
(156, 'Computer ', 'Computer ', 0, '2', 234, '2016-04-22 18:54:52', NULL, '2016-04-22 18:54:52', NULL),
(157, 'Electrical ', 'Electrical ', 0, '2', 235, '2016-04-22 18:54:52', NULL, '2016-04-22 18:54:52', NULL),
(158, 'Electrical & Electronics ', 'Electrical & Electronics ', 0, '2', 236, '2016-04-22 18:54:52', NULL, '2016-04-22 18:54:52', NULL),
(159, 'Electronic ', 'Electronic ', 0, '2', 237, '2016-04-22 18:54:52', NULL, '2016-04-22 18:54:52', NULL),
(160, 'Genetic Engineering ', 'Genetic Engineering ', 0, '2', 238, '2016-04-22 18:54:52', NULL, '2016-04-22 18:54:52', NULL),
(161, 'Industrial ', 'Industrial ', 0, '2', 239, '2016-04-22 18:54:52', NULL, '2016-04-22 18:54:52', NULL),
(162, 'Leather Technology ', 'Leather Technology ', 0, '2', 240, '2016-04-22 18:54:52', NULL, '2016-04-22 18:54:52', NULL),
(163, 'Marine ', 'Marine ', 0, '2', 241, '2016-04-22 18:54:52', NULL, '2016-04-22 18:54:52', NULL),
(164, 'Mechanical ', 'Mechanical ', 0, '2', 242, '2016-04-22 18:54:52', NULL, '2016-04-22 18:54:52', NULL),
(165, 'Metallurgy ', 'Metallurgy ', 0, '2', 243, '2016-04-22 18:54:52', NULL, '2016-04-22 18:54:52', NULL),
(166, 'Mineral ', 'Mineral ', 0, '2', 244, '2016-04-22 18:54:52', NULL, '2016-04-22 18:54:52', NULL),
(167, 'Mining ', 'Mining ', 0, '2', 245, '2016-04-22 18:54:52', NULL, '2016-04-22 18:54:52', NULL),
(168, 'Naval Architecture ', 'Naval Architecture ', 0, '2', 246, '2016-04-22 18:54:52', NULL, '2016-04-22 18:54:52', NULL),
(169, 'Physical Planning ', 'Physical Planning ', 0, '2', 247, '2016-04-22 18:54:52', NULL, '2016-04-22 18:54:52', NULL),
(170, 'Regional Planning ', 'Regional Planning ', 0, '2', 248, '2016-04-22 18:54:52', NULL, '2016-04-22 18:54:52', NULL),
(171, 'Structural ', 'Structural ', 0, '2', 249, '2016-04-22 18:54:52', NULL, '2016-04-22 18:54:52', NULL),
(172, 'Textile Technology ', 'Textile Technology ', 0, '2', 250, '2016-04-22 18:54:52', NULL, '2016-04-22 18:54:52', NULL),
(173, 'Town Planning ', 'Town Planning ', 0, '2', 251, '2016-04-22 18:54:52', NULL, '2016-04-22 18:54:52', NULL),
(174, 'Urban Planning ', 'Urban Planning ', 0, '2', 252, '2016-04-22 18:54:52', NULL, '2016-04-22 18:54:52', NULL),
(175, 'Tele-Comunication Engineering ', 'Tele-Comunication Engineering ', 0, '2', 253, '2016-04-22 18:54:52', NULL, '2016-04-22 18:54:52', NULL),
(176, 'Computer Science & Engineering ', 'Computer Science & Engineering ', 0, '2', 254, '2016-04-22 18:54:52', NULL, '2016-04-22 18:54:52', NULL),
(177, 'Microwave Engineering ', 'Microwave Engineering ', 0, '2', 255, '2016-04-22 18:54:52', NULL, '2016-04-22 18:54:52', NULL),
(178, 'A & B Section of A.M.I.E ', 'A & B Section of A.M.I.E ', 0, '2', 256, '2016-04-22 18:54:52', NULL, '2016-04-22 18:54:52', NULL),
(179, 'Medicine & Surgery ', 'Medicine & Surgery ', 0, '2', 257, '2016-04-22 18:54:52', NULL, '2016-04-22 18:54:52', NULL),
(180, 'Dental Surgery ', 'Dental Surgery ', 0, '2', 258, '2016-04-22 18:54:52', NULL, '2016-04-22 18:54:52', NULL),
(181, 'Others ', 'Others ', 0, '2', 259, '2016-04-22 18:54:52', NULL, '2016-04-22 18:54:52', NULL);

-- --------------------------------------------------------

--
-- Table structure for table `subjectdami`
--

CREATE TABLE IF NOT EXISTS `subjectdami` (
  `subject` varchar(5000) NOT NULL,
  `code` int(6) NOT NULL
) ENGINE=InnoDB DEFAULT CHARSET=latin1;

--
-- Dumping data for table `subjectdami`
--

INSERT INTO `subjectdami` (`subject`, `code`) VALUES
('Accounting ', 0),
('Anthropology ', 0),
('Applied Chemistry ', 0),
('Applied Physics ', 0),
('Applied Mathematics ', 0),
('Arabic ', 0),
('Archaeology ', 0),
('Bangla ', 0),
('Banking ', 0),
('Biochemistry ', 0),
('Botany ', 0),
('Business Administration ', 0),
('Chemistry ', 0),
('Computer Science ', 0),
('Clinical Psychology ', 0),
('Drama & Music ', 0),
('Development Studies ', 0),
('Economics ', 0),
('Education ', 0),
('English ', 0),
('Finance ', 0),
('Fine Arts ', 0),
('Folklore ', 0),
('Geography ', 0),
('Geology ', 0),
('History ', 0),
('Home Economics ', 0),
('Hadith ', 0),
('International Relations ', 0),
('Islamic History and Culture ', 0),
('Islamic Studies ', 0),
('Information Com. Tech. (ICT) ', 0),
('Mass Comm. & Journalism ', 0),
('Law/Jurisprudence ', 0),
('Library & Information Science ', 0),
('Language/Linguistic ', 0),
('Management ', 0),
('Marketing ', 0),
('Mathematics ', 0),
('Microbiology ', 0),
('Marine Science ', 0),
('Medical Technology ', 0),
('Pali ', 0),
('Persian ', 0),
('Pharmacy ', 0),
('Philosophy ', 0),
('Physics ', 0),
('Political Science/Govt. and Politics ', 0),
('Psychology ', 0),
('Public Administration ', 0),
('Public Finance ', 0),
('Population Science ', 0),
('Peace & Conflict ', 0),
('Pharmaceutical Chemistry ', 0),
('Sanskrit ', 0),
('Social Welfare/Social Work ', 0),
('Sociology ', 0),
('Soil Water and Environment Science ', 0),
('Statistics ', 0),
('Tafsir ', 0),
('Urdu ', 0),
('Urban Development ', 0),
('World Religion ', 0),
('Women Studies ', 0),
('Water & Environment Science ', 0),
('Zoology ', 0),
('Genetic and Breeding ', 0),
('International Law ', 0),
('Akaid ', 0),
('Graphics ', 0),
('Fikha ', 0),
('Modern Arabic ', 0),
('History of Music ', 0),
('Drawing and Printing ', 0),
('Industrial Arts ', 0),
('Ethics ', 0),
('Forestry ', 0),
('Nursery School and Child Development ', 0),
('Child Development ', 0),
('Home Management and Housing ', 0),
('Food and Nutrition ', 0),
('Related Art ', 0),
('Clothing & Textile ', 0),
('Institutinal Food Management ', 0),
('Environmental Science ', 0),
('Agriculture ', 0),
('Agriculture Chemistry ', 0),
('Agriculture Co-operatives ', 0),
('Agriculture Economics ', 0),
('Agriculture Engineering ', 0),
('Agriculture Finance ', 0),
('Agriculture Marketing ', 0),
('Agriculture Science ', 0),
('Agriculture Soil Science ', 0),
('Animal Husbandry ', 0),
('Agronomy & Aquaculture ', 0),
('Agronomy & Aquaculture Extension ', 0),
('Anatomy & Histology ', 0),
('Agronnomy ', 0),
('Anatomology ', 0),
('Animal Breeding & Genetic ', 0),
('Animal Science ', 0),
('Animal Nutrition ', 0),
('Agriculture Water Management ', 0),
('Agriculture Extension ', 0),
('Agro Forestry ', 0),
('Agriculture Statistics ', 0),
('Agr.Co-operative & Marketing ', 0),
('Bio-Technology ', 0),
('Corp Botany ', 0),
('Dairy Science ', 0),
('Doc.of Veterinary Science ', 0),
('Fisheries ', 0),
('Fisheries & Aquaculture ', 0),
('Fisheries Biology ', 0),
('Fisheries Management ', 0),
('Fisheries Technology ', 0),
('Forestry ', 0),
('Farm Power & Machinery ', 0),
('Food Tech. & Rural Industry ', 0),
('Farm Structure ', 0),
('Horticulture ', 0),
('Livestock ', 0),
('Microbiology & Hygenic ', 0),
('Production Economics ', 0),
('Plant Pathology ', 0),
('Paratrology ', 0),
('Poultry Science ', 0),
('Rural Sociology ', 0),
('Surgery & Obstate ', 0),
('Architecture ', 0),
('Chemical ', 0),
('Civil ', 0),
('Computer ', 0),
('Electrical ', 0),
('Electrical & Electronics ', 0),
('Electronic ', 0),
('Genetic Engineering ', 0),
('Industrial ', 0),
('Leather Technology ', 0),
('Marine ', 0),
('Mechanical ', 0),
('Metallurgy ', 0),
('Mineral ', 0),
('Mining ', 0),
('Naval Architecture ', 0),
('Physical Planning ', 0),
('Regional Planning ', 0),
('Structural ', 0),
('Textile Technology ', 0),
('Town Planning ', 0),
('Urban Planning ', 0),
('Tele-Comunication Engineering ', 0),
('Computer Science & Engineering ', 0),
('Microwave Engineering ', 0),
('A & B Section of A.M.I.E ', 0),
('Medicine & Surgery ', 0),
('Dental Surgery ', 0),
('Others ', 0);

-- --------------------------------------------------------

--
-- Table structure for table `submissions`
--

CREATE TABLE IF NOT EXISTS `submissions` (
  `submission_no` int(11) NOT NULL,
  `entity_type_id` int(3) NOT NULL,
  `process_id` int(11) NOT NULL,
  `entry_by` int(11) NOT NULL,
  `entry_date` int(11) NOT NULL,
  `edit_by` int(11) NOT NULL,
  `edit_date` int(11) NOT NULL,
  `status` int(11) NOT NULL
) ENGINE=InnoDB DEFAULT CHARSET=latin1;

-- --------------------------------------------------------

--
-- Table structure for table `task_tracking`
--

CREATE TABLE IF NOT EXISTS `task_tracking` (
  `track_no` int(11) NOT NULL,
  `submission_no` int(11) NOT NULL,
  `received_by` int(11) NOT NULL,
  `received_date` date NOT NULL,
  `forwarded_to` int(11) NOT NULL,
  `forwarded_date` date NOT NULL,
  `comments` varchar(300) NOT NULL,
  `process_id` int(11) NOT NULL,
  `entity_type_id` int(11) NOT NULL
) ENGINE=InnoDB DEFAULT CHARSET=latin1;

-- --------------------------------------------------------

--
-- Table structure for table `teacher`
--

CREATE TABLE IF NOT EXISTS `teacher` (
  `id` int(10) NOT NULL AUTO_INCREMENT,
  `teacher_name` varchar(100) DEFAULT NULL,
  `teacher_short_name` varchar(20) DEFAULT NULL,
  `designation_id` int(11) DEFAULT NULL,
  `teacher_address` varchar(200) DEFAULT NULL,
  `organization_name` varchar(200) DEFAULT NULL,
  `contract_no` varchar(50) DEFAULT NULL,
  `email_address` varchar(100) DEFAULT NULL,
  `mobile_cell` varchar(100) DEFAULT NULL,
  `phone` varchar(50) DEFAULT NULL,
  `course_id` int(11) DEFAULT NULL,
  `area_of_interest` varchar(200) DEFAULT NULL,
  `teacher_type` varchar(10) DEFAULT NULL,
  `create_date` datetime DEFAULT CURRENT_TIMESTAMP,
  `create_by` int(11) DEFAULT NULL,
  `update_date` datetime DEFAULT CURRENT_TIMESTAMP,
  `update_by` int(11) DEFAULT NULL,
  PRIMARY KEY (`id`)
) ENGINE=InnoDB  DEFAULT CHARSET=latin1 AUTO_INCREMENT=5 ;

--
-- Dumping data for table `teacher`
--

INSERT INTO `teacher` (`id`, `teacher_name`, `teacher_short_name`, `designation_id`, `teacher_address`, `organization_name`, `contract_no`, `email_address`, `mobile_cell`, `phone`, `course_id`, `area_of_interest`, `teacher_type`, `create_date`, `create_by`, `update_date`, `update_by`) VALUES
(1, 'HK', 'HK', 15, '', 'dd', '0', 'dd', '22', '22', 2, 'dddghhzgsgsb''', 'inhouse', NULL, NULL, NULL, NULL),
(4, 'myteacher', 'myteacher', 21, '', 'sdfds', '0', 'rez_user@gmail.com', '', '333', 2, 'f', 'inhouse', NULL, NULL, NULL, NULL);

-- --------------------------------------------------------

--
-- Table structure for table `testsubject`
--

CREATE TABLE IF NOT EXISTS `testsubject` (
  `code` int(10) NOT NULL AUTO_INCREMENT,
  `subject` varchar(100) NOT NULL,
  PRIMARY KEY (`code`)
) ENGINE=InnoDB  DEFAULT CHARSET=latin1 AUTO_INCREMENT=260 ;

--
-- Dumping data for table `testsubject`
--

INSERT INTO `testsubject` (`code`, `subject`) VALUES
(101, 'Accounting '),
(102, 'Anthropology '),
(103, 'Applied Chemistry '),
(104, 'Applied Physics '),
(105, 'Applied Mathematics '),
(106, 'Arabic '),
(107, 'Archaeology '),
(108, 'Bangla '),
(109, 'Banking '),
(110, 'Biochemistry '),
(111, 'Botany '),
(112, 'Business Administration '),
(113, 'Chemistry '),
(114, 'Computer Science '),
(115, 'Clinical Psychology '),
(116, 'Drama & Music '),
(117, 'Development Studies '),
(118, 'Economics '),
(119, 'Education '),
(120, 'English '),
(121, 'Finance '),
(122, 'Fine Arts '),
(123, 'Folklore '),
(124, 'Geography '),
(125, 'Geology '),
(126, 'History '),
(127, 'Home Economics '),
(128, 'Hadith '),
(129, 'International Relations '),
(130, 'Islamic History and Culture '),
(131, 'Islamic Studies '),
(132, 'Information Com. Tech. (ICT) '),
(133, 'Mass Comm. & Journalism '),
(134, 'Law/Jurisprudence '),
(135, 'Library & Information Science '),
(136, 'Language/Linguistic '),
(137, 'Management '),
(138, 'Marketing '),
(139, 'Mathematics '),
(140, 'Microbiology '),
(141, 'Marine Science '),
(142, 'Medical Technology '),
(143, 'Pali '),
(144, 'Persian '),
(145, 'Pharmacy '),
(146, 'Philosophy '),
(147, 'Physics '),
(148, 'Political Science/Govt. and Politics '),
(149, 'Psychology '),
(150, 'Public Administration '),
(151, 'Public Finance '),
(152, 'Population Science '),
(153, 'Peace & Conflict '),
(154, 'Pharmaceutical Chemistry '),
(155, 'Sanskrit '),
(156, 'Social Welfare/Social Work '),
(157, 'Sociology '),
(158, 'Soil Water and Environment Science '),
(159, 'Statistics '),
(160, 'Tafsir '),
(161, 'Urdu '),
(162, 'Urban Development '),
(163, 'World Religion '),
(164, 'Women Studies '),
(165, 'Water & Environment Science '),
(166, 'Zoology '),
(167, 'Genetic and Breeding '),
(168, 'International Law '),
(169, 'Akaid '),
(170, 'Graphics '),
(171, 'Fikha '),
(172, 'Modern Arabic '),
(173, 'History of Music '),
(174, 'Drawing and Printing '),
(175, 'Industrial Arts '),
(176, 'Ethics '),
(177, 'Forestry '),
(178, 'Nursery School and Child Development '),
(179, 'Child Development '),
(180, 'Home Management and Housing '),
(181, 'Food and Nutrition '),
(182, 'Related Art '),
(183, 'Clothing & Textile '),
(184, 'Institutinal Food Management '),
(185, 'Environmental Science '),
(186, 'Agriculture '),
(187, 'Agriculture Chemistry '),
(188, 'Agriculture Co-operatives '),
(189, 'Agriculture Economics '),
(190, 'Agriculture Engineering '),
(191, 'Agriculture Finance '),
(192, 'Agriculture Marketing '),
(193, 'Agriculture Science '),
(194, 'Agriculture Soil Science '),
(195, 'Animal Husbandry '),
(196, 'Agronomy & Aquaculture '),
(197, 'Agronomy & Aquaculture Extension '),
(198, 'Anatomy & Histology '),
(199, 'Agronnomy '),
(200, 'Anatomology '),
(201, 'Animal Breeding & Genetic '),
(202, 'Animal Science '),
(203, 'Animal Nutrition '),
(204, 'Agriculture Water Management '),
(205, 'Agriculture Extension '),
(206, 'Agro Forestry '),
(207, 'Agriculture Statistics '),
(208, 'Agr.Co-operative & Marketing '),
(209, 'Bio-Technology '),
(210, 'Corp Botany '),
(211, 'Dairy Science '),
(212, 'Doc.of Veterinary Science '),
(213, 'Fisheries '),
(214, 'Fisheries & Aquaculture '),
(215, 'Fisheries Biology '),
(216, 'Fisheries Management '),
(217, 'Fisheries Technology '),
(218, 'Forestry '),
(219, 'Farm Power & Machinery '),
(220, 'Food Tech. & Rural Industry '),
(221, 'Farm Structure '),
(222, 'Horticulture '),
(223, 'Livestock '),
(224, 'Microbiology & Hygenic '),
(225, 'Production Economics '),
(226, 'Plant Pathology '),
(227, 'Paratrology '),
(228, 'Poultry Science '),
(229, 'Rural Sociology '),
(230, 'Surgery & Obstate '),
(231, 'Architecture '),
(232, 'Chemical '),
(233, 'Civil '),
(234, 'Computer '),
(235, 'Electrical '),
(236, 'Electrical & Electronics '),
(237, 'Electronic '),
(238, 'Genetic Engineering '),
(239, 'Industrial '),
(240, 'Leather Technology '),
(241, 'Marine '),
(242, 'Mechanical '),
(243, 'Metallurgy '),
(244, 'Mineral '),
(245, 'Mining '),
(246, 'Naval Architecture '),
(247, 'Physical Planning '),
(248, 'Regional Planning '),
(249, 'Structural '),
(250, 'Textile Technology '),
(251, 'Town Planning '),
(252, 'Urban Planning '),
(253, 'Tele-Comunication Engineering '),
(254, 'Computer Science & Engineering '),
(255, 'Microwave Engineering '),
(256, 'A & B Section of A.M.I.E '),
(257, 'Medicine & Surgery '),
(258, 'Dental Surgery '),
(259, 'Others ');

-- --------------------------------------------------------

--
-- Table structure for table `users`
--

CREATE TABLE IF NOT EXISTS `users` (
  `id_user` int(11) NOT NULL AUTO_INCREMENT,
  `user_fullname` varchar(80) NOT NULL,
  `username` varchar(255) NOT NULL,
  `password` varchar(255) NOT NULL,
  `user_emailaddress` varchar(50) NOT NULL,
  `present_address` varchar(300) NOT NULL,
  `parmanent_address` varchar(300) DEFAULT NULL,
  `user_type` varchar(50) DEFAULT NULL,
  `picture` blob,
  `created_at` datetime DEFAULT NULL,
  `updated_at` timestamp NULL DEFAULT NULL,
  `status` varchar(10) NOT NULL,
  `create_date` datetime DEFAULT CURRENT_TIMESTAMP,
  `create_by` int(11) DEFAULT NULL,
  `update_date` datetime DEFAULT CURRENT_TIMESTAMP,
  `update_by` int(10) DEFAULT NULL,
  PRIMARY KEY (`id_user`),
  UNIQUE KEY `idx_u_username` (`username`)
) ENGINE=MyISAM  DEFAULT CHARSET=latin1 AUTO_INCREMENT=77 ;

--
-- Dumping data for table `users`
--

INSERT INTO `users` (`id_user`, `user_fullname`, `username`, `password`, `user_emailaddress`, `present_address`, `parmanent_address`, `user_type`, `picture`, `created_at`, `updated_at`, `status`, `create_date`, `create_by`, `update_date`, `update_by`) VALUES
(35, 'Md Rezaul Karim', 'admin', '202cb962ac59075b964b07152d234b70', '', 'Dhaka bangladesh', 'Jheniadha', '0', NULL, '2014-06-22 07:20:24', '2014-06-23 13:27:06', '', NULL, NULL, NULL, NULL),
(73, '', 'reza', '202cb962ac59075b964b07152d234b70', '', '', NULL, '3', NULL, '2016-04-03 18:41:25', '2016-04-03 12:41:42', '', NULL, NULL, NULL, NULL),
(72, '', 'atik', '202cb962ac59075b964b07152d234b70', '', '', NULL, '3', NULL, '2016-04-03 18:30:59', '2016-04-03 12:32:13', '', NULL, NULL, NULL, NULL),
(74, '', 'Ahmedur Rahim', '202cb962ac59075b964b07152d234b70', '', '', NULL, '1', NULL, '2016-04-25 11:22:16', NULL, '', '2016-04-25 11:22:16', NULL, '2016-04-25 11:22:16', NULL),
(75, 'A.H.M. Nazmus Shahadat', 'shahadat', '202cb962ac59075b964b07152d234b70', '', '', NULL, '', NULL, '2016-04-25 11:34:56', NULL, '', '2016-04-25 11:34:56', NULL, '2016-04-25 11:34:56', NULL),
(76, 'S M Ibrahim Hossain', 'ibrahim', '202cb962ac59075b964b07152d234b70', '', '', NULL, '3', NULL, '2016-04-25 11:39:28', NULL, '', '2016-04-25 11:39:28', NULL, '2016-04-25 11:39:28', NULL);

-- --------------------------------------------------------

--
-- Table structure for table `usersrole`
--

CREATE TABLE IF NOT EXISTS `usersrole` (
  `id` int(11) NOT NULL AUTO_INCREMENT,
  `user_id` int(11) DEFAULT NULL,
  `role_insert` varchar(3) DEFAULT NULL,
  `role_update` varchar(3) DEFAULT NULL,
  `role_delete` varchar(3) DEFAULT NULL,
  `role_approved` varchar(2) DEFAULT NULL COMMENT '1-Yes,0-No',
  `user_type` varchar(20) DEFAULT NULL,
  `user_type_id` int(11) DEFAULT NULL,
  `create_date` datetime DEFAULT CURRENT_TIMESTAMP,
  `create_by` int(11) DEFAULT NULL,
  `update_date` datetime DEFAULT CURRENT_TIMESTAMP,
  `update_by` int(11) DEFAULT NULL,
  PRIMARY KEY (`id`)
) ENGINE=InnoDB  DEFAULT CHARSET=latin1 AUTO_INCREMENT=12 ;

--
-- Dumping data for table `usersrole`
--

INSERT INTO `usersrole` (`id`, `user_id`, `role_insert`, `role_update`, `role_delete`, `role_approved`, `user_type`, `user_type_id`, `create_date`, `create_by`, `update_date`, `update_by`) VALUES
(1, 35, '1', '1', '1', '0', '0', NULL, NULL, NULL, NULL, NULL),
(5, 70, NULL, NULL, NULL, NULL, NULL, NULL, NULL, NULL, NULL, NULL),
(6, 71, NULL, NULL, NULL, NULL, NULL, NULL, NULL, NULL, NULL, NULL),
(7, 72, '1', '1', '1', '1', '3', NULL, NULL, NULL, NULL, NULL),
(8, 73, '1', '1', '1', '0', '3', NULL, NULL, NULL, NULL, NULL),
(9, 74, '1', '1', '1', '1', '1', NULL, '2016-04-25 11:22:16', NULL, '2016-04-25 11:22:16', NULL),
(10, 75, '1', '1', '1', '1', '', NULL, '2016-04-25 11:34:56', NULL, '2016-04-25 11:34:56', NULL),
(11, 76, '1', '1', '1', '1', '3', NULL, '2016-04-25 11:39:28', NULL, '2016-04-25 11:39:28', NULL);

/*!40101 SET CHARACTER_SET_CLIENT=@OLD_CHARACTER_SET_CLIENT */;
/*!40101 SET CHARACTER_SET_RESULTS=@OLD_CHARACTER_SET_RESULTS */;
/*!40101 SET COLLATION_CONNECTION=@OLD_COLLATION_CONNECTION */;
